,T0,T3,T4,T6,T8,T1,T7,T9,T2,T5,T10,T12,T13,T14,T18,T16,T11,T15,T19,T17,T20,T21,T24,T27,T29,T23,T25,T26,T28,T22,T30,T32,T34,T35,T38,T31,T33,T36,T37,T39,T40,T41,T44,T45,T46,T48,T49,T43,T47,T42,T50,T53,T54,T57,T55,T56,T52,T51,T58,T59,T60,T62,T66,T67,T69,T65,T68,T63,T64,T61,T70,T71,T73,T74,T75,T76,T77,T79,T72,T78,cost
M26,0.8706467694052491,0.8413795291202857,0.9056526090089924,0.9531818498391849,0.9341362851740747,,,,,,,,,,,,,,,,,,,,,,,,,,,,,,,,,,,,,,,,,,,,,,,,,,,,,,,,,,,,,,,,,,,,,,,,,,,,79.3981736127831
M42,,0.7642351632329145,0.7982531114672264,0.9344508216691297,,0.9411659584031172,0.8232423830112927,0.7942929272927912,,,,,,,,,,,,,,,,,,,,,,,,,,,,,,,,,,,,,,,,,,,,,,,,,,,,,,,,,,,,,,,,,,,,,,,,,58.23527333098442
M45,,0.7993824728766528,,,0.8475880530431203,0.710117678807496,0.9406159235844351,0.9161543089080193,0.9135145990924101,,,,,,,,,,,,,,,,,,,,,,,,,,,,,,,,,,,,,,,,,,,,,,,,,,,,,,,,,,,,,,,,,,,,,,,,29.923032434695532
M4,,0.738917404590843,0.8387033859819979,,,0.8896785205541248,0.971009626448623,0.815695093211655,0.8308996085698247,,,,,,,,,,,,,,,,,,,,,,,,,,,,,,,,,,,,,,,,,,,,,,,,,,,,,,,,,,,,,,,,,,,,,,,,58.82429703525847
M17,,0.8299700835254131,0.8805105399817356,0.8339383420375197,,0.9005794420999487,0.9211738732783605,0.7308061968380992,0.7498336920548117,,,,,,,,,,,,,,,,,,,,,,,,,,,,,,,,,,,,,,,,,,,,,,,,,,,,,,,,,,,,,,,,,,,,,,,,34.45263175358771
M9,,0.7420800571974824,0.8901831715268363,0.8786166874611697,,0.9152698338994432,,0.7516045552704107,,0.7101178928228613,,,,,,,,,,,,,,,,,,,,,,,,,,,,,,,,,,,,,,,,,,,,,,,,,,,,,,,,,,,,,,,,,,,,,,,25.827218100212363
M21,,0.7693708618028637,0.7549596064845364,,,0.7551711952586248,0.8961601735701723,,0.8758199549083908,,,,,,,,,,,,,,,,,,,,,,,,,,,,,,,,,,,,,,,,,,,,,,,,,,,,,,,,,,,,,,,,,,,,,,,,68.29480497850489
M16,,0.9390767297188016,,0.8976974453633496,,0.9564661220885547,,,0.7492945784219422,0.8464130906536664,,,,,,,,,,,,,,,,,,,,,,,,,,,,,,,,,,,,,,,,,,,,,,,,,,,,,,,,,,,,,,,,,,,,,,,97.17520582897562
M33,,0.9316587079872662,,,0.8926395094159036,0.7741628182982958,0.8380730715716548,,0.7364950143730644,,,,,,,,,,,,,,,,,,,,,,,,,,,,,,,,,,,,,,,,,,,,,,,,,,,,,,,,,,,,,,,,,,,,,,,,77.78114783071678
M1,,0.9355599173716067,0.8041844759759251,0.9227620854424337,,0.8892660655968927,0.8016235308927103,0.8300381900564295,,,,,,,,,,,,,,,,,,,,,,,,,,,,,,,,,,,,,,,,,,,,,,,,,,,,,,,,,,,,,,,,,,,,,,,,,38.88102059898757
M36,,0.7723826901309601,0.8279794847822823,,,0.8051686195609569,0.7177536059809448,,0.7109033105903284,,,,,,,,,,,,,,,,,,,,,,,,,,,,,,,,,,,,,,,,,,,,,,,,,,,,,,,,,,,,,,,,,,,,,,,,98.73363474362216
M46,,0.8306499472257577,,,,0.8915271756241823,,,,,,,,,,,,,,,,,,,,,,,,,,,,,,,,,,,,,,,,,,,,,,,,,,,,,,,,,,,,,,,,,,,,,,,,,,,91.22630374855136
M0,,0.9724366018131966,,0.7657281915043443,,0.7619994699517193,0.8089207042892862,0.9745051137759922,0.8368460248911598,,,,,,,,,,,,,,,,,,,,,,,,,,,,,,,,,,,,,,,,,,,,,,,,,,,,,,,,,,,,,,,,,,,,,,,,72.92978330138003
M8,,0.8685051768608671,0.9648616105605162,0.9727688833423922,,0.926226410940518,0.8991980506169437,0.7314155246020726,0.7327181530977386,,,,,,,,,,,,,,,,,,,,,,,,,,,,,,,,,,,,,,,,,,,,,,,,,,,,,,,,,,,,,,,,,,,,,,,,67.72052692932886
M41,,0.9714866352045071,,,,0.7371952255969717,,,0.7783413476781234,,,,,,,,,,,,,,,,,,,,,,,,,,,,,,,,,,,,,,,,,,,,,,,,,,,,,,,,,,,,,,,,,,,,,,,,66.92333930047825
M31,,0.8777957905840992,0.8506472570921785,,0.7503489355707026,0.9269666808964244,0.8847317486926028,,0.7359806758031698,,,,,,,,,,,,,,,,,,,,,,,,,,,,,,,,,,,,,,,,,,,,,,,,,,,,,,,,,,,,,,,,,,,,,,,,90.87378254769453
M3,,0.8018258593410251,,,0.7745113363857608,0.9070085822673061,,0.8275190320585983,0.9256709639639731,,,,,,,,,,,,,,,,,,,,,,,,,,,,,,,,,,,,,,,,,,,,,,,,,,,,,,,,,,,,,,,,,,,,,,,,36.152029819486614
M35,,0.9247608898746046,0.9465758231976754,0.938234507398228,,0.9023729313924244,,0.7937165691087962,0.8036494255580642,,,,,,,,,,,,,,,,,,,,,,,,,,,,,,,,,,,,,,,,,,,,,,,,,,,,,,,,,,,,,,,,,,,,,,,,11.884872156822137
M49,,0.7073441676495467,,,,0.9732182951750717,0.8642668207994534,,0.7866611995283076,,,,,,,,,,,,,,,,,,,,,,,,,,,,,,,,,,,,,,,,,,,,,,,,,,,,,,,,,,,,,,,,,,,,,,,,89.61114294117345
M48,,0.8676624760612645,0.81993568220181,0.8448116738022062,,0.9286278268889642,0.7706774407081741,,0.7828800665369879,,,,,,,,,,,,,,,,,,,,,,,,,,,,,,,,,,,,,,,,,,,,,,,,,,,,,,,,,,,,,,,,,,,,,,,,19.202072500651198
M28,,0.8633553338668288,0.751803065284975,0.8720496905778949,,0.8842847750209215,,,0.7609633047575896,,,,,,,,,,,,,,,,,,,,,,,,,,,,,,,,,,,,,,,,,,,,,,,,,,,,,,,,,,,,,,,,,,,,,,,,20.023467266509797
M18,,0.9751207227648986,,0.7336234910387316,,0.8624471590158418,,0.713089855176039,0.7724909732373408,,,,,,,,,,,,,,,,,,,,,,,,,,,,,,,,,,,,,,,,,,,,,,,,,,,,,,,,,,,,,,,,,,,,,,,,99.47332720577876
M27,,0.8874019861337004,0.8674263697351224,,0.8904994812472816,0.9513387759524946,0.8419055720179829,0.7905012481684135,0.9206732535603148,,,,,,,,,,,,,,,,,,,,,,,,,,,,,,,,,,,,,,,,,,,,,,,,,,,,,,,,,,,,,,,,,,,,,,,,80.60164691821552
M40,,0.7863134275851275,,,,0.8450557602000556,,0.8928379555536705,0.8672972238569969,,,,,,,,,,,,,,,,,,,,,,,,,,,,,,,,,,,,,,,,,,,,,,,,,,,,,,,,,,,,,,,,,,,,,,,,45.040386774973825
M10,,0.8264654625679535,,0.768327969705034,0.7806738118189518,0.9265423329284445,,,0.871966840937263,,,,,,,,,,,,,,,,,,,,,,,,,,,,,,,,,,,,,,,,,,,,,,,,,,,,,,,,,,,,,,,,,,,,,,,,38.38964572274953
M7,,0.7699125817642068,,0.9422783852312879,,0.7875285310083947,0.7664483832948159,,0.9375576584342984,,,,,,,,,,,,,,,,,,,,,,,,,,,,,,,,,,,,,,,,,,,,,,,,,,,,,,,,,,,,,,,,,,,,,,,,60.91186098241361
M32,,0.8104385935244511,0.8023117372583796,,,0.7780314696004433,0.8674361277781604,0.9030618763677641,0.7183922612384395,,,,,,,,,,,,,,,,,,,,,,,,,,,,,,,,,,,,,,,,,,,,,,,,,,,,,,,,,,,,,,,,,,,,,,,,49.78642015692717
M19,,0.8124393335656241,0.9326227554429243,,,0.8650908708736567,0.8736074000857977,0.8178886573624953,0.7117502419723062,,,,,,,,,,,,,,,,,,,,,,,,,,,,,,,,,,,,,,,,,,,,,,,,,,,,,,,,,,,,,,,,,,,,,,,,39.480585502987864
M20,,0.923682216003935,,,,0.7816826312668124,,0.8635065121101223,0.7972652566932611,,,,,,,,,,,,,,,,,,,,,,,,,,,,,,,,,,,,,,,,,,,,,,,,,,,,,,,,,,,,,,,,,,,,,,,,17.414041180486816
M34,,,0.9701094168563084,0.7621095317393038,,0.9109885313299397,,0.8346282021325028,0.8792924715125296,,,,,,,,,,,,,,,,,,,,,,,,,,,,,,,,,,,,,,,,,,,,,,,,,,,,,,,,,,,,,,,,,,,,,,,,76.46703061211795
M2,,0.9582033834677037,,0.911592854564703,0.8521387400173903,0.7357978100012058,,,0.9470096802722098,,,,,,,,,,,,,,,,,,,,,,,,,,,,,,,,,,,,,,,,,,,,,,,,,,,,,,,,,,,,,,,,,,,,,,,,57.465874025636495
M11,,0.8215657854513427,0.7009493450199143,0.8054210343545755,,0.7625324665930169,0.8745152191204205,,0.7430372987687568,,,,,,,,,,,,,,,,,,,,,,,,,,,,,,,,,,,,,,,,,,,,,,,,,,,,,,,,,,,,,,,,,,,,,,,,96.5712179964448
M5,,0.8344487855083702,,0.7281239443528974,,0.7032597147773636,0.7805937472210434,,0.7143084194002189,,,,,,,,,,,,,,,,,,,,,,,,,,,,,,,,,,,,,,,,,,,,,,,,,,,,,,,,,,,,,,,,,,,,,,,,59.665445678930894
M38,,0.7507960129315296,0.7186964447437116,0.9202081643095981,,0.7288083249787064,0.8656361740008156,,0.7431817597673578,,,,,,,,,,,,,,,,,,,,,,,,,,,,,,,,,,,,,,,,,,,,,,,,,,,,,,,,,,,,,,,,,,,,,,,,77.80065009902863
M30,,0.8679645674821466,0.9400989751393978,0.8830386085891303,,0.7012467431509544,0.7937064819703814,0.8471631957684589,0.7687258229127552,,,,,,,,,,,,,,,,,,,,,,,,,,,,,,,,,,,,,,,,,,,,,,,,,,,,,,,,,,,,,,,,,,,,,,,,31.790639067178862
M13,,0.9209017871264852,,,0.88580008988476,0.8180586755907793,,,0.76519012127552,,,,,,,,,,,,,,,,,,,,,,,,,,,,,,,,,,,,,,,,,,,,,,,,,,,,,,,,,,,,,,,,,,,,,,,,30.37425283377832
M12,,0.772323148498054,0.7481137202868954,,,0.8932717818277565,,0.9740416948593434,0.7653696445946007,,,,,,,,,,,,,,,,,,,,,,,,,,,,,,,,,,,,,,,,,,,,,,,,,,,,,,,,,,,,,,,,,,,,,,,,56.76343002414488
M14,,0.8555822861200767,,0.8934917584475243,0.9636139082032008,0.7123864728703573,0.7196104132217084,,0.8630573324094799,,,,,,,,,,,,,,,,,,,,,,,,,,,,,,,,,,,,,,,,,,,,,,,,,,,,,,,,,,,,,,,,,,,,,,,,94.51061867481722
M22,,0.8535582221857616,,,,0.7475427023931914,0.7582548018314457,,0.8729534198597076,,,,,,,,,,,,,,,,,,,,,,,,,,,,,,,,,,,,,,,,,,,,,,,,,,,,,,,,,,,,,,,,,,,,,,,,18.754365279758176
M47,,0.9361048409366103,,0.7516991671525646,,0.8760755630075973,,0.7177069405168268,0.7806587416482306,,,,,,,,,,,,,,,,,,,,,,,,,,,,,,,,,,,,,,,,,,,,,,,,,,,,,,,,,,,,,,,,,,,,,,,,23.47589007709718
M23,,0.8783415243285432,0.8996152137526747,0.8457770467802499,,0.7742394638149231,0.7775637694282449,,0.7146711231083851,,,,,,,,,,,,,,,,,,,,,,,,,,,,,,,,,,,,,,,,,,,,,,,,,,,,,,,,,,,,,,,,,,,,,,,,34.86593219165258
M37,,0.7763411443935069,,0.7292346356269812,0.873351163253443,0.8098351116418201,,0.878273507247659,,0.7982649088995553,,,,,,,,,,,,,,,,,,,,,,,,,,,,,,,,,,,,,,,,,,,,,,,,,,,,,,,,,,,,,,,,,,,,,,,22.118555659772355
M24,,0.8971655387203324,0.8589705538538838,0.9195716465460466,,0.7086203530116849,,,0.7724061037421179,,,,,,,,,,,,,,,,,,,,,,,,,,,,,,,,,,,,,,,,,,,,,,,,,,,,,,,,,,,,,,,,,,,,,,,,41.78473390703237
M25,,0.8367167032450341,,0.9077193116772564,,0.8349416219971894,,0.8058936880284552,0.7689065321142574,,,,,,,,,,,,,,,,,,,,,,,,,,,,,,,,,,,,,,,,,,,,,,,,,,,,,,,,,,,,,,,,,,,,,,,,95.74210409403655
M15,,0.9493688949973751,,0.9458462065253833,0.779807658830293,0.8420233870395051,,,0.8805754811956978,,,,,,,,,,,,,,,,,,,,,,,,,,,,,,,,,,,,,,,,,,,,,,,,,,,,,,,,,,,,,,,,,,,,,,,,20.20371638464853
M6,,0.7569919364937567,0.8923938861163102,,,0.8219236999019075,,0.8911042285988069,0.949429507890496,0.7832484950622098,,,,,,,,,,,,,,,,,,,,,,,,,,,,,,,,,,,,,,,,,,,,,,,,,,,,,,,,,,,,,,,,,,,,,,,30.103689452193432
M29,,0.7604414980828955,,0.9468172960488821,,0.8821058455017645,0.9367295199811299,0.8969550593734145,,,,,,,,,,,,,,,,,,,,,,,,,,,,,,,,,,,,,,,,,,,,,,,,,,,,,,,,,,,,,,,,,,,,,,,,,40.4581154397044
M44,,0.7601048519127144,,0.951409983025999,,0.8232259578632717,0.7408213121729437,0.8932526709178972,0.7219770346380332,0.8641207329248008,,,,,,,,,,,,,,,,,,,,,,,,,,,,,,,,,,,,,,,,,,,,,,,,,,,,,,,,,,,,,,,,,,,,,,,75.15714043243312
M43,,0.9357062490178674,,,0.7528763030283081,0.7332818500636937,,,0.7432249546708457,,,,,,,,,,,,,,,,,,,,,,,,,,,,,,,,,,,,,,,,,,,,,,,,,,,,,,,,,,,,,,,,,,,,,,,,27.569729680316374
M39,,0.877923073022134,0.7329462427226413,,0.8644147066530112,,,0.7553503953596289,0.918531800725781,,,,,,,,,,,,,,,,,,,,,,,,,,,,,,,,,,,,,,,,,,,,,,,,,,,,,,,,,,,,,,,,,,,,,,,,53.842553945561434
M73,,,,,,,,,,,0.7128421769451195,0.8554109450183562,0.7181884735299805,0.7526549896175863,0.9051102780418526,,,,,,,,,,,,,,,,,,,,,,,,,,,,,,,,,,,,,,,,,,,,,,,,,,,,,,,,,,,,,,,,,,27.40219818875833
M96,,,,,,,,,,,0.7320851385559096,0.7215426843431084,0.7831908347436929,,0.909038022282026,,,,,,,,,,,,,,,,,,,,,,,,,,,,,,,,,,,,,,,,,,,,,,,,,,,,,,,,,,,,,,,,,,31.9716102020003
M56,,,,,,,,,,,0.8858035197757893,0.8842799961036294,0.8927365186099998,,0.8463428385668621,0.719182191320886,,,,,,,,,,,,,,,,,,,,,,,,,,,,,,,,,,,,,,,,,,,,,,,,,,,,,,,,,,,,,,,,,59.596430608321846
M52,,,,,,,,,,,0.7247595867069652,0.8708573503216268,0.8020219426882307,,,,0.7266722681748459,0.7455825022261493,,,,,,,,,,,,,,,,,,,,,,,,,,,,,,,,,,,,,,,,,,,,,,,,,,,,,,,,,,,,,,,77.82577013838151
M61,,,,,,,,,,,0.7057616162816097,,0.9112110844848635,,0.8090237775256779,,0.7224925165768975,,,,,,,,,,,,,,,,,,,,,,,,,,,,,,,,,,,,,,,,,,,,,,,,,,,,,,,,,,,,,,,,61.866400489222436
M93,,,,,,,,,,,0.8425422449156241,0.8672997303194496,0.8315193798748586,0.7226857832209381,0.744599124488178,0.8749763277277198,0.9413160452572482,,,,,,,,,,,,,,,,,,,,,,,,,,,,,,,,,,,,,,,,,,,,,,,,,,,,,,,,,,,,,,,,84.97679827954293
M76,,,,,,,,,,,0.8854235071993548,,0.7598285222774108,,,0.8470958655155647,,,0.7754765334248317,,,,,,,,,,,,,,,,,,,,,,,,,,,,,,,,,,,,,,,,,,,,,,,,,,,,,,,,,,,,,,99.09413427296317
M60,,,,,,,,,,,0.9738718105751862,0.7810362746247195,0.7662788033082142,,0.7568203328103955,0.9658021944583622,0.9319223657437476,,0.8457256410598815,,,,,,,,,,,,,,,,,,,,,,,,,,,,,,,,,,,,,,,,,,,,,,,,,,,,,,,,,,,,,,53.737521420566274
M58,,,,,,,,,,,0.7312148675558487,0.955777147958792,0.8495924588226815,0.8101073375539074,,0.8265061676809957,0.7746198247103175,0.9367767062367887,0.9732568241210837,,,,,,,,,,,,,,,,,,,,,,,,,,,,,,,,,,,,,,,,,,,,,,,,,,,,,,,,,,,,,,52.92123194832139
M50,,,,,,,,,,,0.8790106939451023,,0.7981564400788891,0.8400855927295701,0.7314253652646792,,,,,,,,,,,,,,,,,,,,,,,,,,,,,,,,,,,,,,,,,,,,,,,,,,,,,,,,,,,,,,,,,,94.03904640498827
M53,,,,,,,,,,,0.7310450979103669,,0.8706227914134876,,0.8750562983496754,,,,,,,,,,,,,,,,,,,,,,,,,,,,,,,,,,,,,,,,,,,,,,,,,,,,,,,,,,,,,,,,,,56.97214522575438
M62,,,,,,,,,,,0.8807498512845962,0.8075740079039101,0.8656452395589587,,,0.8865668075396412,,,,,,,,,,,,,,,,,,,,,,,,,,,,,,,,,,,,,,,,,,,,,,,,,,,,,,,,,,,,,,,,,30.256986824175662
M97,,,,,,,,,,,0.818370382944807,0.9105774699706988,0.873344852770348,,0.8190206813326562,,0.9669204810731005,,0.9689430497083296,,,,,,,,,,,,,,,,,,,,,,,,,,,,,,,,,,,,,,,,,,,,,,,,,,,,,,,,,,,,,,54.770774702477645
M55,,,,,,,,,,,0.8382330602096197,0.8846936967997785,0.8075957991499344,,0.8923578929139976,,0.8261181420097169,,0.7131123911127726,,,,,,,,,,,,,,,,,,,,,,,,,,,,,,,,,,,,,,,,,,,,,,,,,,,,,,,,,,,,,,14.783924393780419
M63,,,,,,,,,,,0.7689608396906128,0.8571561768159353,0.8407416739844401,0.9368330716042921,,,,,0.8739555783119871,,,,,,,,,,,,,,,,,,,,,,,,,,,,,,,,,,,,,,,,,,,,,,,,,,,,,,,,,,,,,,49.82032083435928
M71,,,,,,,,,,,0.8218610151601468,0.8021131434711121,0.8294636031473464,,,0.788614493446448,,,,0.7035295814754285,,,,,,,,,,,,,,,,,,,,,,,,,,,,,,,,,,,,,,,,,,,,,,,,,,,,,,,,,,,,,88.69994140514169
M87,,,,,,,,,,,0.7780703124070014,0.9250177898166212,0.9519578990201712,,0.7293015769103164,,,,0.8567576753951907,,,,,,,,,,,,,,,,,,,,,,,,,,,,,,,,,,,,,,,,,,,,,,,,,,,,,,,,,,,,,,84.4581202100799
M94,,,,,,,,,,,0.7485604453009784,0.802921178081565,0.7660436242218185,,,0.7222781327205561,,0.7904020281412651,0.7648830040981671,,,,,,,,,,,,,,,,,,,,,,,,,,,,,,,,,,,,,,,,,,,,,,,,,,,,,,,,,,,,,,93.40966830672286
M67,,,,,,,,,,,,0.7552361455345176,0.7987786529283059,,,,0.9666400633593767,,,,,,,,,,,,,,,,,,,,,,,,,,,,,,,,,,,,,,,,,,,,,,,,,,,,,,,,,,,,,,,,94.1268766190861
M65,,,,,,,,,,,,0.7412871266044262,0.9427971995321573,,0.8415943761997413,0.8353463978020074,0.9386044348894207,,0.7457926905379406,,,,,,,,,,,,,,,,,,,,,,,,,,,,,,,,,,,,,,,,,,,,,,,,,,,,,,,,,,,,,,16.479004722083907
M98,,,,,,,,,,,,0.7239563821811259,0.8569931844246594,,0.8641438320426351,0.9785252236341304,0.8427339077473124,,,,,,,,,,,,,,,,,,,,,,,,,,,,,,,,,,,,,,,,,,,,,,,,,,,,,,,,,,,,,,,,95.18096326241724
M90,,,,,,,,,,,,0.8983408726547042,0.752161699568318,,,,0.8917471498302983,,,,,,,,,,,,,,,,,,,,,,,,,,,,,,,,,,,,,,,,,,,,,,,,,,,,,,,,,,,,,,,,31.976493948032626
M81,,,,,,,,,,,,0.7792416910555453,0.7029700524851675,,,,0.7809671065205559,,,,,,,,,,,,,,,,,,,,,,,,,,,,,,,,,,,,,,,,,,,,,,,,,,,,,,,,,,,,,,,,66.14963521323126
M54,,,,,,,,,,,,,0.8443985807696297,0.8574306558158354,,,0.913023165069909,,0.7904246049923068,,,,,,,,,,,,,,,,,,,,,,,,,,,,,,,,,,,,,,,,,,,,,,,,,,,,,,,,,,,,,,46.56164411956016
M85,,,,,,,,,,,,0.8019404692856815,0.958798879438548,,0.7393755969933957,,0.786105581090214,,0.8402231556520535,,,,,,,,,,,,,,,,,,,,,,,,,,,,,,,,,,,,,,,,,,,,,,,,,,,,,,,,,,,,,,93.51662302559868
M66,,,,,,,,,,,,0.7110784210858359,0.9755373065887429,0.8221055845974085,0.7167837274055257,,0.9018684665244332,0.9243979564144672,,,,,,,,,,,,,,,,,,,,,,,,,,,,,,,,,,,,,,,,,,,,,,,,,,,,,,,,,,,,,,,71.60950241723435
M88,,,,,,,,,,,,0.7449360255703577,0.8710047325692648,0.8037797850334153,,0.8493593367504837,0.9420940956299138,,,,,,,,,,,,,,,,,,,,,,,,,,,,,,,,,,,,,,,,,,,,,,,,,,,,,,,,,,,,,,,,85.20755892157652
M59,,,,,,,,,,,,0.7552127283023136,0.7774544593536746,,0.7700223229864417,,0.7542774877826095,0.8161565040977432,,,,,,,,,,,,,,,,,,,,,,,,,,,,,,,,,,,,,,,,,,,,,,,,,,,,,,,,,,,,,,,14.289689976577863
M92,,,,,,,,,,,,0.8077308112438155,0.8486399982972754,,0.9207269069004351,0.9767732964200048,,,0.8482728717001974,,,,,,,,,,,,,,,,,,,,,,,,,,,,,,,,,,,,,,,,,,,,,,,,,,,,,,,,,,,,,,99.56419964199958
M75,,,,,,,,,,,,0.8181032400103931,0.906501213967961,,0.949516201601291,0.9031685002508278,,0.921357734131714,0.7701902872659733,,,,,,,,,,,,,,,,,,,,,,,,,,,,,,,,,,,,,,,,,,,,,,,,,,,,,,,,,,,,,,7.276002943333943
M91,,,,,,,,,,,,0.9403054077366044,0.7412314105181305,,0.7764322929074828,,,,0.8173250274696555,,,,,,,,,,,,,,,,,,,,,,,,,,,,,,,,,,,,,,,,,,,,,,,,,,,,,,,,,,,,,,64.85145319922387
M57,,,,,,,,,,,,0.7294180484147254,0.864133649214429,,,0.8053103488412541,,,0.8093715527994361,0.9377227228029648,,,,,,,,,,,,,,,,,,,,,,,,,,,,,,,,,,,,,,,,,,,,,,,,,,,,,,,,,,,,,93.85980588583078
M77,,,,,,,,,,,,0.9030718166644033,0.9409203337661985,,,0.9221791864360072,,,,,,,,,,,,,,,,,,,,,,,,,,,,,,,,,,,,,,,,,,,,,,,,,,,,,,,,,,,,,,,,,78.0969499953168
M83,,,,,,,,,,,,0.9266217713269126,,,0.7734369882525842,,,,0.8601173104434264,,,,,,,,,,,,,,,,,,,,,,,,,,,,,,,,,,,,,,,,,,,,,,,,,,,,,,,,,,,,,,95.46874738329295
M79,,,,,,,,,,,,0.7388812255380615,0.7318387575380522,0.7260103109311654,,,,,,,,,,,,,,,,,,,,,,,,,,,,,,,,,,,,,,,,,,,,,,,,,,,,,,,,,,,,,,,,,,,39.755195898129415
M64,,,,,,,,,,,,0.8512609206933486,0.9165270037258078,,0.7855865997417297,0.944605509345452,,0.7873094460022817,0.923496940952719,,,,,,,,,,,,,,,,,,,,,,,,,,,,,,,,,,,,,,,,,,,,,,,,,,,,,,,,,,,,,,45.89292852477878
M84,,,,,,,,,,,,0.9030856596428252,0.9667754702333479,,,0.7111196005301978,,,0.9760845663711283,,,,,,,,,,,,,,,,,,,,,,,,,,,,,,,,,,,,,,,,,,,,,,,,,,,,,,,,,,,,,,71.16253087952116
M69,,,,,,,,,,,,0.7306956223877936,,,0.8341410252115751,,,,0.9410884999029241,,,,,,,,,,,,,,,,,,,,,,,,,,,,,,,,,,,,,,,,,,,,,,,,,,,,,,,,,,,,,,46.72159860448602
M51,,,,,,,,,,,,0.8997247897295678,0.9553671690376843,,0.7529752029342657,0.8146599668001064,,,0.9027508748198668,,,,,,,,,,,,,,,,,,,,,,,,,,,,,,,,,,,,,,,,,,,,,,,,,,,,,,,,,,,,,,92.3506348056934
M80,,,,,,,,,,,,0.8225610734290998,0.8205936688732673,,0.927982508279391,,,0.9697844503807049,0.8582640775346905,,,,,,,,,,,,,,,,,,,,,,,,,,,,,,,,,,,,,,,,,,,,,,,,,,,,,,,,,,,,,,82.83224233404347
M70,,,,,,,,,,,,0.7440700884237935,0.9309348051472885,,0.7348132687650938,0.7029789072567252,,,,,,,,,,,,,,,,,,,,,,,,,,,,,,,,,,,,,,,,,,,,,,,,,,,,,,,,,,,,,,,,,13.798110784517897
M86,,,,,,,,,,,,0.779876227524215,,0.7083127116374123,0.839949506884662,0.8800750217969275,,0.9047210483645272,0.8083121850749535,,,,,,,,,,,,,,,,,,,,,,,,,,,,,,,,,,,,,,,,,,,,,,,,,,,,,,,,,,,,,,51.9642978469183
M72,,,,,,,,,,,,0.8116777209624799,,,0.8892683451021536,,,,,,,,,,,,,,,,,,,,,,,,,,,,,,,,,,,,,,,,,,,,,,,,,,,,,,,,,,,,,,,,,,29.527411496236457
M68,,,,,,,,,,,,0.8349468956336035,0.7414204298351208,0.9691509653655409,0.7621968551781535,,,,0.8314920004303707,,,,,,,,,,,,,,,,,,,,,,,,,,,,,,,,,,,,,,,,,,,,,,,,,,,,,,,,,,,,,,95.02192759669583
M99,,,,,,,,,,,,0.8822142869465157,0.8668864999435034,,0.7805217344949207,0.9407726718699811,,,0.7107378485410635,,,,,,,,,,,,,,,,,,,,,,,,,,,,,,,,,,,,,,,,,,,,,,,,,,,,,,,,,,,,,,63.42365328032704
M74,,,,,,,,,,,,0.8166242294049469,0.8349144773944028,0.8598034334207052,,,,,,,,,,,,,,,,,,,,,,,,,,,,,,,,,,,,,,,,,,,,,,,,,,,,,,,,,,,,,,,,,,,16.295377969146667
M95,,,,,,,,,,,,0.9692049975833845,0.8971396842075374,,0.7960603484085802,,,,,,,,,,,,,,,,,,,,,,,,,,,,,,,,,,,,,,,,,,,,,,,,,,,,,,,,,,,,,,,,,,97.27033067777556
M89,,,,,,,,,,,,,0.9738611719109956,0.7809234463154365,0.7469908995209091,,,0.9255582077137781,0.7094427937919482,0.8231733430652254,,,,,,,,,,,,,,,,,,,,,,,,,,,,,,,,,,,,,,,,,,,,,,,,,,,,,,,,,,,,,99.67978811036261
M82,,,,,,,,,,,,,0.7482057886878954,,0.8234871625271749,,,0.7050268431206489,0.837198263727577,,,,,,,,,,,,,,,,,,,,,,,,,,,,,,,,,,,,,,,,,,,,,,,,,,,,,,,,,,,,,,82.72912499028789
M78,,,,,,,,,,,,,,0.9176171707945896,,,,0.7157291203123263,,,,,,,,,,,,,,,,,,,,,,,,,,,,,,,,,,,,,,,,,,,,,,,,,,,,,,,,,,,,,,,78.6512723875257
M135,,,,,,,,,,,,,,,,,,,,,0.7817855477748983,0.8961047256876281,0.9226099659223361,0.8006355479812881,0.7995332649611254,,,,,,,,,,,,,,,,,,,,,,,,,,,,,,,,,,,,,,,,,,,,,,,,,,,,,,,,27.592295894940317
M120,,,,,,,,,,,,,,,,,,,,,0.7974063375570309,,,,0.7269440094620793,0.9517660367757561,0.9239404167208445,0.9089691194367864,0.9162004112921612,,,,,,,,,,,,,,,,,,,,,,,,,,,,,,,,,,,,,,,,,,,,,,,,,,,,98.0121302406776
M139,,,,,,,,,,,,,,,,,,,,,0.9216906254434689,,,,0.7225886511387071,,0.7916382741163903,,,0.8382188685671869,,,,,,,,,,,,,,,,,,,,,,,,,,,,,,,,,,,,,,,,,,,,,,,,,,,75.41000892392641
M113,,,,,,,,,,,,,,,,,,,,,0.943348446112071,,,0.7633177996724104,,0.7510058411148176,0.933254577534172,0.8580086638652866,,0.7376858901907544,,,,,,,,,,,,,,,,,,,,,,,,,,,,,,,,,,,,,,,,,,,,,,,,,,,68.89735840456177
M106,,,,,,,,,,,,,,,,,,,,,0.8460181040152647,0.8748529843492486,0.7053672694008626,0.7540717777536001,0.8277298056148984,0.8602456531308953,,0.8211874929579932,0.7758561416958114,0.778155472531185,,,,,,,,,,,,,,,,,,,,,,,,,,,,,,,,,,,,,,,,,,,,,,,,,,,21.81766084488438
M121,,,,,,,,,,,,,,,,,,,,,0.8061136576639824,0.8348239916976951,,0.8056027777504645,0.9457389424545297,0.9720300212331823,,,0.7450187554193373,,,,,,,,,,,,,,,,,,,,,,,,,,,,,,,,,,,,,,,,,,,,,,,,,,,,79.45652174147767
M110,,,,,,,,,,,,,,,,,,,,,0.7624262514190644,,,,0.747528770188364,0.7045864878570846,,0.86085857573431,,,,,,,,,,,,,,,,,,,,,,,,,,,,,,,,,,,,,,,,,,,,,,,,,,,,,25.01887076392759
M132,,,,,,,,,,,,,,,,,,,,,0.7301593420078838,0.9568715563440708,,0.8720437970932475,0.8986585261436826,,0.8703243505397207,0.7292798840902164,0.7906551795514034,,,,,,,,,,,,,,,,,,,,,,,,,,,,,,,,,,,,,,,,,,,,,,,,,,,,56.35805712281432
M111,,,,,,,,,,,,,,,,,,,,,0.9665907994893698,,,0.7618256800847455,0.9543007475359959,0.8369172449744858,,,,,,,,,,,,,,,,,,,,,,,,,,,,,,,,,,,,,,,,,,,,,,,,,,,,,,,68.39949706836087
M102,,,,,,,,,,,,,,,,,,,,,0.7679031449496743,0.9068439901648836,0.7200018127641168,0.7997672441961484,0.9011803114973207,0.7587842960917586,0.8197332190544927,,0.7912830113529801,,,,,,,,,,,,,,,,,,,,,,,,,,,,,,,,,,,,,,,,,,,,,,,,,,,,61.666085413420255
M142,,,,,,,,,,,,,,,,,,,,,0.8122399824063902,,,0.8770182781944951,0.975488274377992,0.8293956059281358,0.7169178597043598,,0.8730939484932926,,,,,,,,,,,,,,,,,,,,,,,,,,,,,,,,,,,,,,,,,,,,,,,,,,,,81.45282966921836
M104,,,,,,,,,,,,,,,,,,,,,0.9170022705846461,,,0.8625115477844412,0.8193351287159933,,,0.8480188474336059,0.9489384262763889,,,,,,,,,,,,,,,,,,,,,,,,,,,,,,,,,,,,,,,,,,,,,,,,,,,,40.49208174879918
M125,,,,,,,,,,,,,,,,,,,,,0.8475227200703273,,,,0.9064380544618147,0.8132836615706756,,,0.8571097845666961,0.7533873777401359,,,,,,,,,,,,,,,,,,,,,,,,,,,,,,,,,,,,,,,,,,,,,,,,,,,24.058390225846335
M145,,,,,,,,,,,,,,,,,,,,,0.8427384103777367,,,0.8789830415907319,,0.8890368801914478,0.7041505727969997,,,0.9542933983212392,,,,,,,,,,,,,,,,,,,,,,,,,,,,,,,,,,,,,,,,,,,,,,,,,,,92.08316825023482
M119,,,,,,,,,,,,,,,,,,,,,0.9183095772453211,0.7605397491079005,,0.7094967092033814,0.7961207299696681,0.7955423621314063,0.8403136048153942,,,0.8251869917351802,,,,,,,,,,,,,,,,,,,,,,,,,,,,,,,,,,,,,,,,,,,,,,,,,,,78.99239428985854
M112,,,,,,,,,,,,,,,,,,,,,0.931221810626697,0.8630819412352788,0.8433815730088381,0.7596929976113814,0.8247647175082181,0.719737711953706,0.8669071732601352,0.9110748140771341,,,,,,,,,,,,,,,,,,,,,,,,,,,,,,,,,,,,,,,,,,,,,,,,,,,,,94.2105768549077
M138,,,,,,,,,,,,,,,,,,,,,0.8592370297586079,,0.7027350342424789,,0.9236957698785421,0.9566691876392868,,,,,,,,,,,,,,,,,,,,,,,,,,,,,,,,,,,,,,,,,,,,,,,,,,,,,,,92.43334794098205
M131,,,,,,,,,,,,,,,,,,,,,0.8417064696428346,0.8053213021247938,,0.810103557983191,0.8277543434719277,0.9634668309273732,0.7327904255586462,,0.8842394279801222,,,,,,,,,,,,,,,,,,,,,,,,,,,,,,,,,,,,,,,,,,,,,,,,,,,,61.95826291557107
M137,,,,,,,,,,,,,,,,,,,,,0.7722473637611129,,,,0.7318003350814084,0.8658379456304613,0.9468142598442038,0.9618653124633391,0.7091856764793836,0.7100071854430954,,,,,,,,,,,,,,,,,,,,,,,,,,,,,,,,,,,,,,,,,,,,,,,,,,,73.50837700603408
M122,,,,,,,,,,,,,,,,,,,,,0.7450304960981338,,,0.9586291238981056,0.7333813465686193,,,,,,,,,,,,,,,,,,,,,,,,,,,,,,,,,,,,,,,,,,,,,,,,,,,,,,,,92.84735722445554
M141,,,,,,,,,,,,,,,,,,,,,,0.9234786235018085,0.8869900386086028,0.80745136783507,0.7894937258538355,0.7972449647561217,,,,,,,,,,,,,,,,,,,,,,,,,,,,,,,,,,,,,,,,,,,,,,,,,,,,,,,81.29102871427683
M146,,,,,,,,,,,,,,,,,,,,,,0.9384808093347885,,0.8815119153482589,0.7885225526456935,0.8826519746087165,0.7363704122397996,0.8283882007455291,,0.8855088058058183,,,,,,,,,,,,,,,,,,,,,,,,,,,,,,,,,,,,,,,,,,,,,,,,,,,45.79741066375583
M130,,,,,,,,,,,,,,,,,,,,,,0.7973519363384759,,0.9213276608023346,0.7282195147377927,0.9573546963913014,,0.920626184880766,,0.7354418127273923,,,,,,,,,,,,,,,,,,,,,,,,,,,,,,,,,,,,,,,,,,,,,,,,,,,63.113359552644695
M140,,,,,,,,,,,,,,,,,,,,,,0.8862776127287878,0.9756535262629693,,0.8297408100014771,,0.7876820693152627,0.9059262574746514,0.8182683647256517,0.8946717580474707,,,,,,,,,,,,,,,,,,,,,,,,,,,,,,,,,,,,,,,,,,,,,,,,,,,98.65787344986079
M105,,,,,,,,,,,,,,,,,,,,,,0.9408890397446756,,0.9737524611921706,0.940900204567985,0.809107088416341,,0.7230548833104451,,,,,,,,,,,,,,,,,,,,,,,,,,,,,,,,,,,,,,,,,,,,,,,,,,,,,94.61472901875855
M100,,,,,,,,,,,,,,,,,,,,,,0.7404603559223155,,0.7942908738843484,0.7554644609275081,0.8129980920208847,,,,,,,,,,,,,,,,,,,,,,,,,,,,,,,,,,,,,,,,,,,,,,,,,,,,,,,91.02882359630048
M124,,,,,,,,,,,,,,,,,,,,,,0.9298768743507374,,0.8234665846052791,0.8164662373242388,0.8699030574367194,0.8587873431386243,,,,,,,,,,,,,,,,,,,,,,,,,,,,,,,,,,,,,,,,,,,,,,,,,,,,,,40.10459018610513
M109,,,,,,,,,,,,,,,,,,,,,,0.8834735983091451,0.8474474150382997,0.9234967874374039,0.8721052049306436,0.9396048791412277,0.7474544048087525,,0.807789021111337,0.7467105015895402,,,,,,,,,,,,,,,,,,,,,,,,,,,,,,,,,,,,,,,,,,,,,,,,,,,68.76703363524908
M118,,,,,,,,,,,,,,,,,,,,,,0.7754436460737729,,,0.8699392700742448,0.8922292513087986,0.8961667221739777,,0.8320072481647417,,,,,,,,,,,,,,,,,,,,,,,,,,,,,,,,,,,,,,,,,,,,,,,,,,,,69.64444145169541
M116,,,,,,,,,,,,,,,,,,,,,,0.8880669993723251,,0.9566003592185937,0.9637776208952787,,,0.861107345234405,,,,,,,,,,,,,,,,,,,,,,,,,,,,,,,,,,,,,,,,,,,,,,,,,,,,,88.12179858667565
M149,,,,,,,,,,,,,,,,,,,,,,0.9797330631445356,,,0.8664581956689088,0.717890606145248,,0.9722865414542526,,0.7799722979342675,,,,,,,,,,,,,,,,,,,,,,,,,,,,,,,,,,,,,,,,,,,,,,,,,,,89.26798437904131
M126,,,,,,,,,,,,,,,,,,,,,,0.734256007376425,,0.8699250969430562,0.7235875488379947,,0.9069578487976823,,,,,,,,,,,,,,,,,,,,,,,,,,,,,,,,,,,,,,,,,,,,,,,,,,,,,,10.09469054844295
M133,,,,,,,,,,,,,,,,,,,,,,0.7964391859064608,,0.7481072019600264,0.8050198393672776,0.9465338628340509,0.9565465120527209,0.7682466711185796,,,,,,,,,,,,,,,,,,,,,,,,,,,,,,,,,,,,,,,,,,,,,,,,,,,,,74.1719108351149
M134,,,,,,,,,,,,,,,,,,,,,,0.7660567677353207,,,0.9624133748444909,0.732362069779589,,,0.9107143910197342,,,,,,,,,,,,,,,,,,,,,,,,,,,,,,,,,,,,,,,,,,,,,,,,,,,,95.22328196667438
M128,,,,,,,,,,,,,,,,,,,,,,,,0.8891428066818097,0.9327575636671388,0.9669861078457794,0.7851408008541116,0.8430080679149794,0.8605216681031193,0.8504875687788493,,,,,,,,,,,,,,,,,,,,,,,,,,,,,,,,,,,,,,,,,,,,,,,,,,,86.13291736164888
M101,,,,,,,,,,,,,,,,,,,,,,,,0.783032095496279,0.8166823978405324,0.8281456523239622,,0.7196167925092298,,0.7296907447795444,,,,,,,,,,,,,,,,,,,,,,,,,,,,,,,,,,,,,,,,,,,,,,,,,,,74.4204799844538
M123,,,,,,,,,,,,,,,,,,,,,,,,,0.8426637137968651,0.9071868708747333,,,,0.9681792914976367,,,,,,,,,,,,,,,,,,,,,,,,,,,,,,,,,,,,,,,,,,,,,,,,,,,85.50743875340831
M129,,,,,,,,,,,,,,,,,,,,,,,0.9608876074324343,,0.7062210288233018,0.8594078275848064,0.9683555845098127,,,,,,,,,,,,,,,,,,,,,,,,,,,,,,,,,,,,,,,,,,,,,,,,,,,,,,95.29372481732787
M148,,,,,,,,,,,,,,,,,,,,,,,,,0.7486041358278704,0.8440013479136785,,0.9348512527805662,,,,,,,,,,,,,,,,,,,,,,,,,,,,,,,,,,,,,,,,,,,,,,,,,,,,,13.35958632489977
M115,,,,,,,,,,,,,,,,,,,,,,,,0.9188005809522382,0.7313129710144277,0.8437697228918303,0.8007703057694068,,0.7382661421787261,,,,,,,,,,,,,,,,,,,,,,,,,,,,,,,,,,,,,,,,,,,,,,,,,,,,88.26270087410524
M114,,,,,,,,,,,,,,,,,,,,,,,,0.7861220877532341,0.7213508549040173,0.8761756853129631,0.7824123312431772,0.9169568551813412,0.8274104699756295,,,,,,,,,,,,,,,,,,,,,,,,,,,,,,,,,,,,,,,,,,,,,,,,,,,,46.49698925073263
M127,,,,,,,,,,,,,,,,,,,,,,,,,0.8785552089696687,0.879181218116103,,0.9722764427370079,0.7242491935875931,,,,,,,,,,,,,,,,,,,,,,,,,,,,,,,,,,,,,,,,,,,,,,,,,,,,97.45074267134308
M136,,,,,,,,,,,,,,,,,,,,,,,,0.7169676500457912,0.8254911585849872,0.8749574927646446,,,,,,,,,,,,,,,,,,,,,,,,,,,,,,,,,,,,,,,,,,,,,,,,,,,,,,,79.94425076466686
M108,,,,,,,,,,,,,,,,,,,,,,,,0.7804910856292373,0.861853533893296,0.7152126881068767,,,0.9728449519150597,,,,,,,,,,,,,,,,,,,,,,,,,,,,,,,,,,,,,,,,,,,,,,,,,,,,71.70303963023642
M107,,,,,,,,,,,,,,,,,,,,,,,,,0.7461248123075468,0.8577832319978309,0.8406885499279442,0.9708563059828339,,,,,,,,,,,,,,,,,,,,,,,,,,,,,,,,,,,,,,,,,,,,,,,,,,,,,71.89930450449775
M144,,,,,,,,,,,,,,,,,,,,,,,,0.9587464378699747,0.8305580506342937,0.7616250214830029,,,0.949821204388798,,,,,,,,,,,,,,,,,,,,,,,,,,,,,,,,,,,,,,,,,,,,,,,,,,,,63.14733553448453
M117,,,,,,,,,,,,,,,,,,,,,,,,0.8135904287489429,0.920778736598964,0.7983088477709939,0.7824733537945472,,0.8844727353305273,,,,,,,,,,,,,,,,,,,,,,,,,,,,,,,,,,,,,,,,,,,,,,,,,,,,96.9717889809237
M143,,,,,,,,,,,,,,,,,,,,,,,,,0.7245490931219547,0.7959309827374523,0.752797556458738,0.9491553654091783,,,,,,,,,,,,,,,,,,,,,,,,,,,,,,,,,,,,,,,,,,,,,,,,,,,,,20.787044192531937
M147,,,,,,,,,,,,,,,,,,,,,,,0.7455743278553739,,0.9343198018533944,,,0.9069830627523463,0.7720040207876595,,,,,,,,,,,,,,,,,,,,,,,,,,,,,,,,,,,,,,,,,,,,,,,,,,,,13.601104690569398
M103,,,,,,,,,,,,,,,,,,,,,,,,0.8785333714096819,0.8936810850636092,,,,,,,,,,,,,,,,,,,,,,,,,,,,,,,,,,,,,,,,,,,,,,,,,,,,,,,,21.256088142464684
M165,,,,,,,,,,,,,,,,,,,,,,,,,,,,,,,0.769342454408978,0.8584769029178003,0.7421335291543114,0.8056237007640003,0.829151563994031,,,,,,,,,,,,,,,,,,,,,,,,,,,,,,,,,,,,,,,,,,,,,,30.223823565602135
M170,,,,,,,,,,,,,,,,,,,,,,,,,,,,,,,0.874323053388657,,0.8788416035485376,0.7263124831164822,,0.8509004355665456,0.9150613797848947,,,,,,,,,,,,,,,,,,,,,,,,,,,,,,,,,,,,,,,,,,,,5.404205571000407
M169,,,,,,,,,,,,,,,,,,,,,,,,,,,,,,,0.9049333133927853,0.7651179970938581,0.7556477206292449,,0.785926857268278,0.7464825008785149,,,,,,,,,,,,,,,,,,,,,,,,,,,,,,,,,,,,,,,,,,,,,47.121975073649274
M174,,,,,,,,,,,,,,,,,,,,,,,,,,,,,,,0.917117381653011,0.8546268892847053,0.9603976647612433,0.9629264845891151,,,,,,,,,,,,,,,,,,,,,,,,,,,,,,,,,,,,,,,,,,,,,,,72.57707886466896
M177,,,,,,,,,,,,,,,,,,,,,,,,,,,,,,,0.7497455043900205,,0.7601815588421852,0.9326557462770086,0.867927878565293,0.9181247349098158,,,,,,,,,,,,,,,,,,,,,,,,,,,,,,,,,,,,,,,,,,,,,30.730580702611693
M179,,,,,,,,,,,,,,,,,,,,,,,,,,,,,,,0.8402013463554552,0.7619337224806362,0.9628754878696906,0.9783290199540776,0.8170712272662526,,0.8699758459224639,,,,,,,,,,,,,,,,,,,,,,,,,,,,,,,,,,,,,,,,,,,,74.89277954258755
M156,,,,,,,,,,,,,,,,,,,,,,,,,,,,,,,0.7650248474755448,0.8859777574055002,0.967421039763728,,0.9499631231844997,0.7060021516137529,0.8715621124419791,0.9109181401649538,,,,,,,,,,,,,,,,,,,,,,,,,,,,,,,,,,,,,,,,,,,61.21877759218847
M178,,,,,,,,,,,,,,,,,,,,,,,,,,,,,,,0.8046491403356179,,0.9451837824807475,,,,,,,,,,,,,,,,,,,,,,,,,,,,,,,,,,,,,,,,,,,,,,,,92.91599672912815
M171,,,,,,,,,,,,,,,,,,,,,,,,,,,,,,,0.9315060504014478,0.9744710318444082,0.8776416551240953,0.7408306333234562,0.7398356832531737,0.7827073633537738,,,,,,,,,,,,,,,,,,,,,,,,,,,,,,,,,,,,,,,,,,,,,96.02986165164262
M172,,,,,,,,,,,,,,,,,,,,,,,,,,,,,,,0.7758589445594135,0.7329322891447809,0.9347068529167063,,0.9269099958797316,,,,,,,,,,,,,,,,,,,,,,,,,,,,,,,,,,,,,,,,,,,,,,47.78355870681978
M151,,,,,,,,,,,,,,,,,,,,,,,,,,,,,,,0.778033395062156,,0.9391222407248561,0.8212743406379366,0.7398876668579002,0.889783703490285,,,,,,,,,,,,,,,,,,,,,,,,,,,,,,,,,,,,,,,,,,,,,65.59308702859943
M197,,,,,,,,,,,,,,,,,,,,,,,,,,,,,,,0.9344055051729034,,,0.9748463005322375,,,0.8730137260776216,,0.7226370031316515,,,,,,,,,,,,,,,,,,,,,,,,,,,,,,,,,,,,,,,,,,91.92432825809165
M194,,,,,,,,,,,,,,,,,,,,,,,,,,,,,,,0.7345304940044955,,0.8386131400740371,0.8879946686528928,0.9309828985796043,,,0.7155767880175933,,,,,,,,,,,,,,,,,,,,,,,,,,,,,,,,,,,,,,,,,,,82.92785444226925
M168,,,,,,,,,,,,,,,,,,,,,,,,,,,,,,,0.8217350500915485,0.9413720542874886,0.8183435533816115,0.8020377930475825,,0.9417102314111444,,,,,,,,,,,,,,,,,,,,,,,,,,,,,,,,,,,,,,,,,,,,,66.49524532561361
M158,,,,,,,,,,,,,,,,,,,,,,,,,,,,,,,0.8557683558329281,0.8109866148437522,,0.7020152231008436,0.9574476556257143,,0.8346416818173346,,,,,,,,,,,,,,,,,,,,,,,,,,,,,,,,,,,,,,,,,,,,82.85365475295806
M152,,,,,,,,,,,,,,,,,,,,,,,,,,,,,,,0.7926455758553108,,0.9499642314380579,0.9753917350256522,0.8857475095865568,,,,,,,,,,,,,,,,,,,,,,,,,,,,,,,,,,,,,,,,,,,,,,85.43770651383565
M186,,,,,,,,,,,,,,,,,,,,,,,,,,,,,,,0.9237838473274109,0.8018054063787105,0.8060996029637784,0.7927133099406901,0.9430419149790885,,0.9698616849071213,,,,,,,,,,,,,,,,,,,,,,,,,,,,,,,,,,,,,,,,,,,,97.05229757650886
M154,,,,,,,,,,,,,,,,,,,,,,,,,,,,,,,0.8451323451629345,,,0.7142834934129305,0.7757666150185134,,,,,,,,,,,,,,,,,,,,,,,,,,,,,,,,,,,,,,,,,,,,,,53.98974538096082
M153,,,,,,,,,,,,,,,,,,,,,,,,,,,,,,,0.9616692843189172,0.8535910403679896,,,0.7079216228654199,,,,,,,,,,,,,,,,,,,,,,,,,,,,,,,,,,,,,,,,,,,,,,55.57057074188491
M166,,,,,,,,,,,,,,,,,,,,,,,,,,,,,,,0.7660565692394876,0.7919805822398606,0.7229460403969654,0.8548051399056343,0.9591063532599653,,,,,,,,,,,,,,,,,,,,,,,,,,,,,,,,,,,,,,,,,,,,,,78.46160077445361
M188,,,,,,,,,,,,,,,,,,,,,,,,,,,,,,,0.807023402076612,,,0.8403354474707516,0.9173458303605095,0.9203602608008272,0.9654046345200651,,,,,,,,,,,,,,,,,,,,,,,,,,,,,,,,,,,,,,,,,,,,79.71458675617164
M184,,,,,,,,,,,,,,,,,,,,,,,,,,,,,,,0.7695611620059395,,0.7338451461008804,0.8447402877198583,0.7929092083052676,0.7273501552783743,0.8943330429911105,,,,,,,,,,,,,,,,,,,,,,,,,,,,,,,,,,,,,,,,,,,,43.22667545971392
M167,,,,,,,,,,,,,,,,,,,,,,,,,,,,,,,0.724319058080692,0.880156675192012,0.7320108665963119,0.7806776534636451,0.9704139394702291,,,,,,,,,,,,,,,,,,,,,,,,,,,,,,,,,,,,,,,,,,,,,,53.94818672907487
M198,,,,,,,,,,,,,,,,,,,,,,,,,,,,,,,0.8123164802735794,,0.9788786247834199,0.9749205511114384,0.8498273428584682,,,,,,,,,,,,,,,,,,,,,,,,,,,,,,,,,,,,,,,,,,,,,,68.19053331352583
M176,,,,,,,,,,,,,,,,,,,,,,,,,,,,,,,0.7262158628163247,0.7924360118728206,0.874606692287783,,0.8604842323353009,0.74916527944129,,0.7919470729933384,,,,,,,,,,,,,,,,,,,,,,,,,,,,,,,,,,,,,,,,,,,38.76455180384225
M150,,,,,,,,,,,,,,,,,,,,,,,,,,,,,,,0.9233254491044403,0.8513392033262923,0.9281405662779902,0.9003202284428495,0.918828464667255,,,,,,,,,,,,,,,,,,,,,,,,,,,,,,,,,,,,,,,,,,,,,,15.931022319302356
M190,,,,,,,,,,,,,,,,,,,,,,,,,,,,,,,0.7066397213576658,0.7633499943503004,,,,,,,,,,,,,,,,,,,,,,,,,,,,,,,,,,,,,,,,,,,,,,,,,95.58835543114536
M182,,,,,,,,,,,,,,,,,,,,,,,,,,,,,,,0.7420399052750356,,0.960672964224346,,0.9502334941601294,,0.9119812107333737,,,,,,,,,,,,,,,,,,,,,,,,,,,,,,,,,,,,,,,,,,,,91.39773321740607
M196,,,,,,,,,,,,,,,,,,,,,,,,,,,,,,,0.7171443182196342,0.7245207407993047,0.7319593819235652,,,0.8236034229415574,,,,,,,,,,,,,,,,,,,,,,,,,,,,,,,,,,,,,,,,,,,,,18.193336605126053
M183,,,,,,,,,,,,,,,,,,,,,,,,,,,,,,,0.7487880606031533,,,0.8230630895414492,0.7774573663908798,0.7535423344710203,,,,,,,,,,,,,,,,,,,,,,,,,,,,,,,,,,,,,,,,,,,,,15.637042952082664
M193,,,,,,,,,,,,,,,,,,,,,,,,,,,,,,,,,0.7147226711049824,0.7338216296570798,0.7702962607763615,0.7953449850003198,,0.835148745556491,0.7132604203771998,,,,,,,,,,,,,,,,,,,,,,,,,,,,,,,,,,,,,,,,,,51.97523772824393
M159,,,,,,,,,,,,,,,,,,,,,,,,,,,,,,,,,0.7914471336813884,0.9354138078332728,0.7602550932371543,0.8049587909461636,,,,,,,,,,,,,,,,,,,,,,,,,,,,,,,,,,,,,,,,,,,,,42.83390097974804
M175,,,,,,,,,,,,,,,,,,,,,,,,,,,,,,,,,0.7526013776684045,,0.8462348347143565,0.9770505902254268,0.8368445418498128,,,,,,,,,,,,,,,,,,,,,,,,,,,,,,,,,,,,,,,,,,,,83.18709779837918
M164,,,,,,,,,,,,,,,,,,,,,,,,,,,,,,,,0.9423061050690442,,0.8756767961447378,,,,,,,,,,,,,,,,,,,,,,,,,,,,,,,,,,,,,,,,,,,,,,,52.04472066991377
M189,,,,,,,,,,,,,,,,,,,,,,,,,,,,,,,,0.8488247110788286,0.8898948921768599,,0.7364475637744814,,0.8196710565182281,,,,,,,,,,,,,,,,,,,,,,,,,,,,,,,,,,,,,,,,,,,,32.41080533940418
M192,,,,,,,,,,,,,,,,,,,,,,,,,,,,,,,,0.7867840644951485,,,0.9388345352975833,,,0.9270622553705143,,0.8757892734402968,,,,,,,,,,,,,,,,,,,,,,,,,,,,,,,,,,,,,,,,,57.87000511578845
M180,,,,,,,,,,,,,,,,,,,,,,,,,,,,,,,,0.7785004274723675,0.881802250923461,,,,,0.9428789451350881,,,,,,,,,,,,,,,,,,,,,,,,,,,,,,,,,,,,,,,,,,,25.378727539711797
M173,,,,,,,,,,,,,,,,,,,,,,,,,,,,,,,,0.855604424681689,0.7375444800819142,0.8871261589372665,0.974993276825331,,,,,,,,,,,,,,,,,,,,,,,,,,,,,,,,,,,,,,,,,,,,,,94.9186701732242
M181,,,,,,,,,,,,,,,,,,,,,,,,,,,,,,,,0.8679555548555091,0.8012286293015528,0.9783805425854265,0.9754494912297598,,,,,,,,,,,,,,,,,,,,,,,,,,,,,,,,,,,,,,,,,,,,,,81.56911802097116
M162,,,,,,,,,,,,,,,,,,,,,,,,,,,,,,,,0.9243962515754529,0.7184511256385998,,,,0.914844352979707,,,,,,,,,,,,,,,,,,,,,,,,,,,,,,,,,,,,,,,,,,,,24.66833214382518
M185,,,,,,,,,,,,,,,,,,,,,,,,,,,,,,,,0.7137103549567239,0.9515793233918924,0.700736998145485,,,,0.770346736542682,,,,,,,,,,,,,,,,,,,,,,,,,,,,,,,,,,,,,,,,,,,71.15081078491852
M161,,,,,,,,,,,,,,,,,,,,,,,,,,,,,,,,0.7472745926232944,0.7244393781933831,0.9780531194591638,0.9073818138901757,,0.773651416199997,,,,,,,,,,,,,,,,,,,,,,,,,,,,,,,,,,,,,,,,,,,,83.96884894815757
M155,,,,,,,,,,,,,,,,,,,,,,,,,,,,,,,,0.8086394332273752,0.7813234783579389,0.7924555418560547,0.8107854253442046,,0.7713036685152325,,,,,,,,,,,,,,,,,,,,,,,,,,,,,,,,,,,,,,,,,,,,18.878121754162922
M187,,,,,,,,,,,,,,,,,,,,,,,,,,,,,,,,0.9581627751419178,0.9300590412832963,,0.90253679133454,,0.8397234313936099,,,,,,,,,,,,,,,,,,,,,,,,,,,,,,,,,,,,,,,,,,,,73.28294355070267
M157,,,,,,,,,,,,,,,,,,,,,,,,,,,,,,,,0.8934688242298111,0.8754457642388105,,0.9039337350141977,,,,,,,,,,,,,,,,,,,,,,,,,,,,,,,,,,,,,,,,,,,,,,27.31031795075464
M191,,,,,,,,,,,,,,,,,,,,,,,,,,,,,,,,0.8565510623495123,0.8703057366397644,0.7451497237683826,0.8834409958339975,,,0.7710300461903985,,,,,,,,,,,,,,,,,,,,,,,,,,,,,,,,,,,,,,,,,,,9.18071329364576
M195,,,,,,,,,,,,,,,,,,,,,,,,,,,,,,,,0.716815711949834,,0.740729420537247,0.7542365276646004,,,,,,,,,,,,,,,,,,,,,,,,,,,,,,,,,,,,,,,,,,,,,,33.42849310968006
M160,,,,,,,,,,,,,,,,,,,,,,,,,,,,,,,,0.9680819141477803,,0.8108805376418802,0.8563993007568408,,,,,0.7520691634020171,,,,,,,,,,,,,,,,,,,,,,,,,,,,,,,,,,,,,,,,,82.91991198151356
M199,,,,,,,,,,,,,,,,,,,,,,,,,,,,,,,,,0.9779206807960712,0.9678720097603938,0.9252273789099862,,0.9577411581717227,0.8177306222844261,,0.8416179159787331,,,,,,,,,,,,,,,,,,,,,,,,,,,,,,,,,,,,,,,,,56.206608921637965
M163,,,,,,,,,,,,,,,,,,,,,,,,,,,,,,,,,,0.7331473315806398,,,,,,,,,,,,,,,,,,,,,,,,,,,,,,,,,,,,,,,,,,,,,,,33.74347037970904
M204,,,,,,,,,,,,,,,,,,,,,,,,,,,,,,,,,,,,,,,,,0.7798541299033777,0.8854446810712637,0.957730944997934,0.9444334905198997,0.9645763741124413,0.7698386700163524,,,,,,,,,,,,,,,,,,,,,,,,,,,,,,,,,,,91.92629480324287
M200,,,,,,,,,,,,,,,,,,,,,,,,,,,,,,,,,,,,,,,,,0.8708654580970336,0.8615971048480617,0.7027565896548712,0.8941825873783935,0.7406895666806849,,0.9203709260076495,,,,,,,,,,,,,,,,,,,,,,,,,,,,,,,,,,7.788351716782724
M227,,,,,,,,,,,,,,,,,,,,,,,,,,,,,,,,,,,,,,,,,0.8479953708659006,0.8653884569636683,0.9482674770086119,0.706670828892599,,,0.9273260013606791,0.8966764133458505,0.9129590994705173,,,,,,,,,,,,,,,,,,,,,,,,,,,,,,,,77.57002552964008
M233,,,,,,,,,,,,,,,,,,,,,,,,,,,,,,,,,,,,,,,,,0.8512195133245387,0.8537792198212595,,0.7843471598704985,0.8974803357672887,0.7315493695941924,0.9655796407696141,,0.8855649742673615,,,,,,,,,,,,,,,,,,,,,,,,,,,,,,,,77.09290076781545
M201,,,,,,,,,,,,,,,,,,,,,,,,,,,,,,,,,,,,,,,,,0.7066982847261264,,,0.9702446975534853,0.9674433201708511,0.9572740562138576,0.8653544708186052,,,,,,,,,,,,,,,,,,,,,,,,,,,,,,,,,,86.22086312448349
M230,,,,,,,,,,,,,,,,,,,,,,,,,,,,,,,,,,,,,,,,,0.8940107930241888,,,0.8906997926122757,,0.8453750776933218,,,,,,,,,,,,,,,,,,,,,,,,,,,,,,,,,,,88.93798298944643
M248,,,,,,,,,,,,,,,,,,,,,,,,,,,,,,,,,,,,,,,,,0.763375904615444,0.8881391324755922,,0.9483469055424768,,,0.8788795534052523,,,0.9767818558338155,,,,,,,,,,,,,,,,,,,,,,,,,,,,,,,80.97711658589348
M239,,,,,,,,,,,,,,,,,,,,,,,,,,,,,,,,,,,,,,,,,0.978017649901744,,0.8378845310563077,0.7511230177165024,0.8794610174157907,,,0.7491058081363239,,,,,,,,,,,,,,,,,,,,,,,,,,,,,,,,,92.66478241557816
M221,,,,,,,,,,,,,,,,,,,,,,,,,,,,,,,,,,,,,,,,,0.7444357834363751,0.801271671581355,0.9298238256069701,0.8867819032485069,0.7986094650812734,,0.7490266023550667,,,,,,,,,,,,,,,,,,,,,,,,,,,,,,,,,,67.16125467475685
M234,,,,,,,,,,,,,,,,,,,,,,,,,,,,,,,,,,,,,,,,,0.9540470275636724,,,0.728454972629977,0.8851738684907945,,0.7870636948029446,,0.8202687081934673,,,,,,,,,,,,,,,,,,,,,,,,,,,,,,,,85.54315971476059
M229,,,,,,,,,,,,,,,,,,,,,,,,,,,,,,,,,,,,,,,,,0.9046573392091641,0.8560630179347258,0.8018431408419193,,0.9411038067984479,,,,0.8051131796484311,,,,,,,,,,,,,,,,,,,,,,,,,,,,,,,,43.91971403831413
M226,,,,,,,,,,,,,,,,,,,,,,,,,,,,,,,,,,,,,,,,,0.7643584393842642,0.8496991671005664,0.9113774762150555,0.7015872787892622,0.7925628785778189,,,,0.7669649351040155,,,,,,,,,,,,,,,,,,,,,,,,,,,,,,,,27.348678021500042
M232,,,,,,,,,,,,,,,,,,,,,,,,,,,,,,,,,,,,,,,,,0.8618421296517608,,,0.9130202525667171,,0.844127136893023,,,,,,,,,,,,,,,,,,,,,,,,,,,,,,,,,,,8.36202936211318
M223,,,,,,,,,,,,,,,,,,,,,,,,,,,,,,,,,,,,,,,,,0.8950802008952031,0.9255245727532484,0.8075553385572233,0.7932059671841711,0.8847031954943934,,0.794038244721857,0.9263754850825326,0.8811105865720259,0.9047423559804926,,,,,,,,,,,,,,,,,,,,,,,,,,,,,,,55.98388162452712
M228,,,,,,,,,,,,,,,,,,,,,,,,,,,,,,,,,,,,,,,,,0.7209409053185848,0.9460874994061209,0.7747756079864233,0.9674428874966765,0.7465034488432418,,0.8908644025316146,,,,,,,,,,,,,,,,,,,,,,,,,,,,,,,,,,89.643207650705
M206,,,,,,,,,,,,,,,,,,,,,,,,,,,,,,,,,,,,,,,,,0.887914286728257,,0.7087525495817975,0.7590722769132553,0.7412698089265365,0.8653484053624231,,0.9353923965325964,,,,,,,,,,,,,,,,,,,,,,,,,,,,,,,,,31.252358426967014
M213,,,,,,,,,,,,,,,,,,,,,,,,,,,,,,,,,,,,,,,,,0.8925902728267058,0.7289471600824938,0.9527484860719018,0.8830506137268003,0.8557420539609446,,,,,,,,,,,,,,,,,,,,,,,,,,,,,,,,,,,,70.19216368009117
M203,,,,,,,,,,,,,,,,,,,,,,,,,,,,,,,,,,,,,,,,,0.9000008495151812,0.8436604632506945,,0.7195548578298102,0.8577461185631279,,0.8348512455162326,,,,,,,,,,,,,,,,,,,,,,,,,,,,,,,,,,19.076298218553774
M225,,,,,,,,,,,,,,,,,,,,,,,,,,,,,,,,,,,,,,,,,0.8178212406644677,0.8968468796825988,0.9383284330272417,0.7522286949714894,0.8675368653837123,,0.8613877845764852,0.7098152524637196,0.9568769636821693,,,,,,,,,,,,,,,,,,,,,,,,,,,,,,,,76.16243026919518
M202,,,,,,,,,,,,,,,,,,,,,,,,,,,,,,,,,,,,,,,,,0.8229060906536908,,0.7375497525232761,0.9297525979271604,0.9287684058486911,0.8359726279245192,0.7215187795808128,,,,,,,,,,,,,,,,,,,,,,,,,,,,,,,,,,92.2734263830605
M222,,,,,,,,,,,,,,,,,,,,,,,,,,,,,,,,,,,,,,,,,0.7445131158264956,0.8653663321059868,0.970384185602822,0.9516959038364592,0.8248544493182083,0.8388390021954508,0.8812469993356502,,0.9300570110938278,,,,,,,,,,,,,,,,,,,,,,,,,,,,,,,,97.69012743567217
M224,,,,,,,,,,,,,,,,,,,,,,,,,,,,,,,,,,,,,,,,,0.7925671944478878,0.8192724846068606,0.8510292515700327,0.8512336832228007,,,0.9455796245503041,,0.8276710349924656,,,,,,,,,,,,,,,,,,,,,,,,,,,,,,,,65.55013813410987
M241,,,,,,,,,,,,,,,,,,,,,,,,,,,,,,,,,,,,,,,,,0.7345129891103183,0.8698108718462904,,0.9322511760886091,0.7042778221759198,0.7655928032941687,0.9348204545161383,,,,,,,,,,,,,,,,,,,,,,,,,,,,,,,,,,41.069740702786575
M231,,,,,,,,,,,,,,,,,,,,,,,,,,,,,,,,,,,,,,,,,0.922251456479457,0.8697051711859918,0.9205655772240844,0.8171708839550785,,,,,,,,,,,,,,,,,,,,,,,,,,,,,,,,,,,,,52.220663336583144
M218,,,,,,,,,,,,,,,,,,,,,,,,,,,,,,,,,,,,,,,,,0.7432516731682782,0.8490517308332273,0.8144048040957012,0.8490259206945592,,0.8602244846663942,0.9473642320339836,,0.8199704299871886,,,,,,,,,,,,,,,,,,,,,,,,,,,,,,,,94.54309367725574
M235,,,,,,,,,,,,,,,,,,,,,,,,,,,,,,,,,,,,,,,,,0.8681474903673437,0.928888356502327,0.9490490220709084,0.8551569323468161,0.7120268735077747,,,0.8640831356799206,,0.8161470377314033,,,,,,,,,,,,,,,,,,,,,,,,,,,,,,,72.58487450871569
M237,,,,,,,,,,,,,,,,,,,,,,,,,,,,,,,,,,,,,,,,,0.7030163534289737,0.8604910488820368,0.731858659668209,0.7125227378249955,0.7664778670074622,,0.7328877520715664,,0.784131836339747,,,,,,,,,,,,,,,,,,,,,,,,,,,,,,,,20.454633412379394
M240,,,,,,,,,,,,,,,,,,,,,,,,,,,,,,,,,,,,,,,,,0.8657873795476152,0.861404364983674,,0.8624400731745306,0.7350316669370208,,,,0.8763316337064396,0.7115054595383465,,,,,,,,,,,,,,,,,,,,,,,,,,,,,,,24.946799909967737
M238,,,,,,,,,,,,,,,,,,,,,,,,,,,,,,,,,,,,,,,,,0.9203659627511335,0.979625667229608,0.7541588539619015,0.7454604228212053,,,0.9090736801359937,,,0.9333738579867115,,,,,,,,,,,,,,,,,,,,,,,,,,,,,,,95.66182074136935
M212,,,,,,,,,,,,,,,,,,,,,,,,,,,,,,,,,,,,,,,,,0.9203164783708935,0.9412137374683349,0.8339373143700319,0.8014974279604462,0.7711914134135136,,,,,0.8500429509142224,,,,,,,,,,,,,,,,,,,,,,,,,,,,,,,74.34070586679043
M249,,,,,,,,,,,,,,,,,,,,,,,,,,,,,,,,,,,,,,,,,0.7658340831485697,0.9195463249508002,,0.7436353221347498,0.7021793300756789,,,,,,,,,,,,,,,,,,,,,,,,,,,,,,,,,,,,40.822900750890724
M244,,,,,,,,,,,,,,,,,,,,,,,,,,,,,,,,,,,,,,,,,0.8705562571137545,0.7630401180510201,0.8209972991413382,0.8197516769734554,0.8260146964642263,0.8035277981062185,,,0.8566973920014156,,,,,,,,,,,,,,,,,,,,,,,,,,,,,,,,90.78868923978155
M242,,,,,,,,,,,,,,,,,,,,,,,,,,,,,,,,,,,,,,,,,0.7987938869813304,,0.9593961387866781,0.8778965280249351,0.872872885698586,,0.7479851034020357,,,,,,,,,,,,,,,,,,,,,,,,,,,,,,,,,,65.43013690979868
M219,,,,,,,,,,,,,,,,,,,,,,,,,,,,,,,,,,,,,,,,,0.9124027741286931,0.9686447299644263,0.8855627139436125,0.8790445018595028,0.8119228785961413,,0.9541049044713921,,,0.7212173438198312,,,,,,,,,,,,,,,,,,,,,,,,,,,,,,,93.21093752988443
M205,,,,,,,,,,,,,,,,,,,,,,,,,,,,,,,,,,,,,,,,,0.77031439137984,,,0.7760711419816794,,,0.7390656829223597,,0.7574534066155565,0.7307808738243937,,,,,,,,,,,,,,,,,,,,,,,,,,,,,,,72.37404534374254
M243,,,,,,,,,,,,,,,,,,,,,,,,,,,,,,,,,,,,,,,,,0.7842315760909304,0.7369287567215624,,0.7699946491915668,0.7708763086784962,0.760361071897713,0.8313719718395185,,0.9406945044658195,,,,,,,,,,,,,,,,,,,,,,,,,,,,,,,,53.50858306421469
M210,,,,,,,,,,,,,,,,,,,,,,,,,,,,,,,,,,,,,,,,,0.8367459817080379,0.8188736367089713,0.7213790043217407,0.7826665489980709,0.8527625352166137,,0.9726461480688235,,,,,,,,,,,,,,,,,,,,,,,,,,,,,,,,,,85.1336331697715
M215,,,,,,,,,,,,,,,,,,,,,,,,,,,,,,,,,,,,,,,,,0.9163911201953544,0.8491201836775746,,0.7331896911279552,0.9767238333305455,0.8416491823142634,0.8992315016493516,,0.925269388004182,,,,,,,,,,,,,,,,,,,,,,,,,,,,,,,,97.5441728747912
M214,,,,,,,,,,,,,,,,,,,,,,,,,,,,,,,,,,,,,,,,,0.9036865703174741,0.8782220042112542,,0.9505142325614357,0.7144088439162398,0.9304338799718276,0.9402983279713868,,,,,,,,,,,,,,,,,,,,,,,,,,,,,,,,,,84.49409357526942
M208,,,,,,,,,,,,,,,,,,,,,,,,,,,,,,,,,,,,,,,,,0.9732437606727697,0.8926721441794979,,0.7805119590047959,0.8117557416279967,,,,0.8488988591279204,0.7150765288136346,,,,,,,,,,,,,,,,,,,,,,,,,,,,,,,70.5184351795948
M236,,,,,,,,,,,,,,,,,,,,,,,,,,,,,,,,,,,,,,,,,0.9479067019162545,0.9339497475892486,,0.7652485338902797,0.9504443901743982,,0.7785657603161535,,0.7548282543514289,,,,,,,,,,,,,,,,,,,,,,,,,,,,,,,,79.47880234161033
M216,,,,,,,,,,,,,,,,,,,,,,,,,,,,,,,,,,,,,,,,,0.9157274212922084,0.7709964226814248,,0.8477813186155304,0.9084245387638076,0.8229263758145433,0.819169065784759,,,,,,,,,,,,,,,,,,,,,,,,,,,,,,,,,,74.54224342383934
M211,,,,,,,,,,,,,,,,,,,,,,,,,,,,,,,,,,,,,,,,,0.9124106388471133,0.7071969661078964,0.833630601887611,0.9447403451343201,0.8361531150833185,0.7801646961510531,,,0.7171075835735519,,,,,,,,,,,,,,,,,,,,,,,,,,,,,,,,62.88719794696667
M220,,,,,,,,,,,,,,,,,,,,,,,,,,,,,,,,,,,,,,,,,0.846305376712398,,0.7330731465585129,,0.9520532196979122,,,,,0.7314641073325984,,,,,,,,,,,,,,,,,,,,,,,,,,,,,,,58.18355584230109
M217,,,,,,,,,,,,,,,,,,,,,,,,,,,,,,,,,,,,,,,,,,0.814251864298412,0.8795992887303241,0.8584793140483336,,0.9070931444175182,0.8160981962409706,,0.8191187987218018,,,,,,,,,,,,,,,,,,,,,,,,,,,,,,,,62.05305948243126
M207,,,,,,,,,,,,,,,,,,,,,,,,,,,,,,,,,,,,,,,,,,0.9299877445868431,,0.8079396697510558,,,,,0.9367099702315873,0.7499865155813418,,,,,,,,,,,,,,,,,,,,,,,,,,,,,,,77.85432225276575
M246,,,,,,,,,,,,,,,,,,,,,,,,,,,,,,,,,,,,,,,,,,0.8791191948609552,0.9652340895992833,0.8309138032631191,0.7596390045394246,0.7788429027251529,,0.7734834231420524,0.9070563538093033,,,,,,,,,,,,,,,,,,,,,,,,,,,,,,,,78.8992228494566
M209,,,,,,,,,,,,,,,,,,,,,,,,,,,,,,,,,,,,,,,,,,0.9705710221227399,0.7178224801704634,0.8868870307343285,0.7868149595034626,,0.9741869209261222,0.8535590460131426,0.8045995729405717,0.9668553890412033,,,,,,,,,,,,,,,,,,,,,,,,,,,,,,,94.17330575547108
M247,,,,,,,,,,,,,,,,,,,,,,,,,,,,,,,,,,,,,,,,,,0.8524777420783385,,0.9327075455640996,0.8113921440499489,,,,,,,,,,,,,,,,,,,,,,,,,,,,,,,,,,,,29.888526243621612
M245,,,,,,,,,,,,,,,,,,,,,,,,,,,,,,,,,,,,,,,,,,,0.7463694820184681,0.7885570155057162,0.9328706135617033,0.7047370288240116,0.8358598817910687,,,,,,,,,,,,,,,,,,,,,,,,,,,,,,,,,,39.042747427968976
M281,,,,,,,,,,,,,,,,,,,,,,,,,,,,,,,,,,,,,,,,,,,,,,,,,,,0.9751611189124639,0.7265841999080509,0.8763325143165523,0.79181738726211,,,,,,,,,,,,,,,,,,,,,,,,,,,90.66363061072641
M267,,,,,,,,,,,,,,,,,,,,,,,,,,,,,,,,,,,,,,,,,,,,,,,,,,,0.7723621394689962,0.9330735495643653,0.9521575581638241,0.8803717034913119,0.8204603812274168,0.796620693581268,,,,,,,,,,,,,,,,,,,,,,,,,80.22862572750937
M270,,,,,,,,,,,,,,,,,,,,,,,,,,,,,,,,,,,,,,,,,,,,,,,,,,,0.8876829913118085,0.9206191543954754,0.9216760551490188,,0.7339096993651317,,,,,,,,,,,,,,,,,,,,,,,,,,28.827697380193175
M295,,,,,,,,,,,,,,,,,,,,,,,,,,,,,,,,,,,,,,,,,,,,,,,,,,,0.9377428853458198,0.9500354215641873,0.8165860995260417,0.7440243328802632,,,,,,,,,,,,,,,,,,,,,,,,,,,86.16685440941156
M292,,,,,,,,,,,,,,,,,,,,,,,,,,,,,,,,,,,,,,,,,,,,,,,,,,,0.9448612696613805,0.7139930502004601,0.7486385322955922,,,,0.7294496382231694,,,,,,,,,,,,,,,,,,,,,,,,57.48884418377717
M252,,,,,,,,,,,,,,,,,,,,,,,,,,,,,,,,,,,,,,,,,,,,,,,,,,,0.7989455630106534,,0.8365203632581664,0.8004273690282253,0.7897164087342192,,,,,,,,,,,,,,,,,,,,,,,,,,89.65770091692131
M299,,,,,,,,,,,,,,,,,,,,,,,,,,,,,,,,,,,,,,,,,,,,,,,,,,,0.9178929124410169,,0.9710088357953031,0.9419501288105572,0.8300249355905827,,,0.7053951050013368,,,,,,,,,,,,,,,,,,,,,,,64.40653926786256
M275,,,,,,,,,,,,,,,,,,,,,,,,,,,,,,,,,,,,,,,,,,,,,,,,,,,0.9000685679868636,0.8894645196057014,0.9333989372209811,,,0.9144724127248588,0.8478738234561897,,,,,,,,,,,,,,,,,,,,,,,,40.45749579804346
M273,,,,,,,,,,,,,,,,,,,,,,,,,,,,,,,,,,,,,,,,,,,,,,,,,,,0.9319232960194241,0.8485014265740267,0.811851099987914,0.8463177006187242,0.9557885134449284,,,,0.9591200942897685,,,,,,,,,,,,,,,,,,,,,,68.33076627865765
M262,,,,,,,,,,,,,,,,,,,,,,,,,,,,,,,,,,,,,,,,,,,,,,,,,,,0.8709114719588065,0.8018561220384848,0.7925881804423958,,,,,,,,,,,,,,,,,,,,,,,,,,,,50.58232575965357
M283,,,,,,,,,,,,,,,,,,,,,,,,,,,,,,,,,,,,,,,,,,,,,,,,,,,0.9357898741537163,0.8141450893418141,0.8828235244139642,0.868806321223845,,,,,,,,,,,,,,,,,,,,,,,,,,,12.188837182293076
M255,,,,,,,,,,,,,,,,,,,,,,,,,,,,,,,,,,,,,,,,,,,,,,,,,,,0.9737496197845431,0.7963709117299572,0.7509610128772781,0.7430484460373183,,,,,,,,,,,,,,,,,,,,,,,,,,,85.33256528772844
M282,,,,,,,,,,,,,,,,,,,,,,,,,,,,,,,,,,,,,,,,,,,,,,,,,,,0.8891340622588405,,0.8939389109654768,0.8221624661569265,,,0.9441073157174714,0.7457496095281962,,,,,,,,,,,,,,,,,,,,,,,70.31200386560667
M250,,,,,,,,,,,,,,,,,,,,,,,,,,,,,,,,,,,,,,,,,,,,,,,,,,,0.8968957219013731,0.7052386655519218,0.9391037555674147,0.7101134614941758,0.8580512029393504,,0.746274624025907,,,,,,,,,,,,,,,,,,,,,,,,82.56724935260273
M280,,,,,,,,,,,,,,,,,,,,,,,,,,,,,,,,,,,,,,,,,,,,,,,,,,,0.9075146854064562,,0.7411277714713537,,0.773604310895853,,,,,,,,,,,,,,,,,,,,,,,,,,73.34079351993934
M261,,,,,,,,,,,,,,,,,,,,,,,,,,,,,,,,,,,,,,,,,,,,,,,,,,,0.7476689868594878,0.8445175138037111,0.781802956762297,0.9612223347841878,0.9546396226566329,0.9015585582575141,,,,,,,,,,,,,,,,,,,,,,,,,71.78348470025148
M294,,,,,,,,,,,,,,,,,,,,,,,,,,,,,,,,,,,,,,,,,,,,,,,,,,,0.8001970882122231,0.8109621538849776,0.9138251902116781,,0.7282401625802077,,0.7921748633794679,,0.8241264395791559,,,,,,,,,,,,,,,,,,,,,,62.267118827188895
M285,,,,,,,,,,,,,,,,,,,,,,,,,,,,,,,,,,,,,,,,,,,,,,,,,,,0.8294606461964634,,0.80158263194074,0.9259930150441836,,0.9727529410602532,,,0.9689164403884029,,,,,,,,,,,,,,,,,,,,,,53.76828221936827
M259,,,,,,,,,,,,,,,,,,,,,,,,,,,,,,,,,,,,,,,,,,,,,,,,,,,0.7399939582177564,0.8574130105185396,0.9395765978445006,,0.7601944359599917,,,,,,,,,,,,,,,,,,,,,,,,,,86.04833001627999
M258,,,,,,,,,,,,,,,,,,,,,,,,,,,,,,,,,,,,,,,,,,,,,,,,,,,0.8704406394571674,0.7112065865969419,0.7323320564019894,0.7543353486724167,0.8353280416456019,0.8314131778707603,0.7602291066846839,,,0.8715724774795301,,,,,,,,,,,,,,,,,,,,,15.214003427851772
M296,,,,,,,,,,,,,,,,,,,,,,,,,,,,,,,,,,,,,,,,,,,,,,,,,,,0.9474729502342498,0.8559418738113929,0.7079193631644849,0.9013235001327227,0.8934855631722447,,,,,,,,,,,,,,,,,,,,,,,,,,21.11581887797764
M251,,,,,,,,,,,,,,,,,,,,,,,,,,,,,,,,,,,,,,,,,,,,,,,,,,,0.9777910058910761,0.8358366025727796,0.785391712459937,0.8735207764028915,0.9793523134722408,,0.8384349547631649,0.837937236983796,0.807527717415245,,,,,,,,,,,,,,,,,,,,,,64.08562518254172
M298,,,,,,,,,,,,,,,,,,,,,,,,,,,,,,,,,,,,,,,,,,,,,,,,,,,0.7000455617989407,,0.810375466598661,0.7767907431795207,,0.7383975777777597,0.8097901257561135,0.9244611824835085,0.9369574310309374,,,,,,,,,,,,,,,,,,,,,,40.761625081548
M293,,,,,,,,,,,,,,,,,,,,,,,,,,,,,,,,,,,,,,,,,,,,,,,,,,,0.8008067811151814,0.9666698071978697,0.7103587290692426,0.7695982781455903,0.7728456909629826,0.7641697923930537,,,,0.7319983811356038,,,,,,,,,,,,,,,,,,,,,71.66243895754913
M272,,,,,,,,,,,,,,,,,,,,,,,,,,,,,,,,,,,,,,,,,,,,,,,,,,,0.7651060240299651,,0.8732810460966984,,0.8337570055034977,0.9314735333379852,,,,,,,,,,,,,,,,,,,,,,,,,22.91186192076633
M256,,,,,,,,,,,,,,,,,,,,,,,,,,,,,,,,,,,,,,,,,,,,,,,,,,,0.8622166110917067,0.945647575195797,0.9338333708917507,,0.793699732538531,,,,,,,,,,,,,,,,,,,,,,,,,,23.304281303868418
M284,,,,,,,,,,,,,,,,,,,,,,,,,,,,,,,,,,,,,,,,,,,,,,,,,,,0.8745903679811295,0.9654100265483175,0.7005763749368666,0.9491752033220137,,0.8670934956710602,,,,,,,,,,,,,,,,,,,,,,,,,94.00316248114329
M253,,,,,,,,,,,,,,,,,,,,,,,,,,,,,,,,,,,,,,,,,,,,,,,,,,,0.8436511845540603,0.9574867713413512,0.9769128349743648,0.7193945341749478,0.7021418373242483,0.7088084763094936,0.8474509595834306,,,,,,,,,,,,,,,,,,,,,,,,86.17380413174128
M286,,,,,,,,,,,,,,,,,,,,,,,,,,,,,,,,,,,,,,,,,,,,,,,,,,,0.8846126924410507,0.902343026451085,0.8715850134694482,,,,0.8747945239381123,,0.9036883483041391,,,,,,,,,,,,,,,,,,,,,,15.367613725133676
M265,,,,,,,,,,,,,,,,,,,,,,,,,,,,,,,,,,,,,,,,,,,,,,,,,,,0.7648028623695402,0.8045405789983754,0.8237615708104442,0.9490831713251766,0.9227476326598568,0.9146441630983865,0.8370244595398341,,0.8127483108472696,0.7693452089683017,,,,,,,,,,,,,,,,,,,,,55.2613990772164
M271,,,,,,,,,,,,,,,,,,,,,,,,,,,,,,,,,,,,,,,,,,,,,,,,,,,0.7406045018454293,0.8330102753483086,,,0.8148425298908433,0.9761907310733519,,,,,,,,,,,,,,,,,,,,,,,,,52.495020054545606
M291,,,,,,,,,,,,,,,,,,,,,,,,,,,,,,,,,,,,,,,,,,,,,,,,,,,0.7368453382996767,0.7782677129902907,0.7216289845210998,,0.9058881486401686,,,,0.9011643442651069,,,,,,,,,,,,,,,,,,,,,,5.101878028962797
M290,,,,,,,,,,,,,,,,,,,,,,,,,,,,,,,,,,,,,,,,,,,,,,,,,,,0.9080970841578807,0.9412606285666364,0.882539944569196,0.7464242764520818,0.8869592982368257,0.9248395946353944,,,,0.7814012846503199,,,,,,,,,,,,,,,,,,,,,29.56835433908
M288,,,,,,,,,,,,,,,,,,,,,,,,,,,,,,,,,,,,,,,,,,,,,,,,,,,0.7803637294645995,0.7006003570861201,0.7582898032332533,0.8546668028441309,,,,,,,,,,,,,,,,,,,,,,,,,,,91.03461610217002
M269,,,,,,,,,,,,,,,,,,,,,,,,,,,,,,,,,,,,,,,,,,,,,,,,,,,0.815983423089413,0.8721353691534657,0.9420737337586695,0.7493849672302837,0.7227070137599615,0.8831223694406753,,0.8819471411791994,0.8388836588668377,,,,,,,,,,,,,,,,,,,,,,65.62217356482418
M289,,,,,,,,,,,,,,,,,,,,,,,,,,,,,,,,,,,,,,,,,,,,,,,,,,,0.8389254916551423,0.8852249303974049,0.7685843996213737,0.7240278001623773,0.7236231510024059,,,0.9182604715558131,,,,,,,,,,,,,,,,,,,,,,,97.66932264719641
M254,,,,,,,,,,,,,,,,,,,,,,,,,,,,,,,,,,,,,,,,,,,,,,,,,,,0.94927259414574,,0.8001606026440754,0.9539241686709867,0.8977375965162236,,,,0.7462268065531975,,,,,,,,,,,,,,,,,,,,,,58.962118666994385
M274,,,,,,,,,,,,,,,,,,,,,,,,,,,,,,,,,,,,,,,,,,,,,,,,,,,0.9130581566369411,,0.9780176728996381,,0.8022088415608323,,,,,,,,,,,,,,,,,,,,,,,,,,73.50090778848933
M260,,,,,,,,,,,,,,,,,,,,,,,,,,,,,,,,,,,,,,,,,,,,,,,,,,,0.9047972245585669,,0.9735687143686769,,0.7430437942926216,,0.9209898226342156,,,0.7867859087087239,,,,,,,,,,,,,,,,,,,,,60.39912620846214
M264,,,,,,,,,,,,,,,,,,,,,,,,,,,,,,,,,,,,,,,,,,,,,,,,,,,0.7266830822126755,,0.7863497637396294,0.8983311590675331,0.9429319098895897,0.9020768487509339,,,,,,,,,,,,,,,,,,,,,,,,,71.65254721460069
M266,,,,,,,,,,,,,,,,,,,,,,,,,,,,,,,,,,,,,,,,,,,,,,,,,,,0.8845879991086522,0.8946157037481917,0.968127922408105,0.8216133102800351,0.895139437898755,,0.7764049971190148,,,0.7063595982380044,,,,,,,,,,,,,,,,,,,,,74.97054096220415
M257,,,,,,,,,,,,,,,,,,,,,,,,,,,,,,,,,,,,,,,,,,,,,,,,,,,,,0.8344442064990278,,0.9759955269215241,0.7273198874801653,0.9349903090731715,,,0.7526498139467104,,,,,,,,,,,,,,,,,,,,,92.97326372032805
M268,,,,,,,,,,,,,,,,,,,,,,,,,,,,,,,,,,,,,,,,,,,,,,,,,,,,0.9033087696612931,0.7461897353030189,0.7461626040578877,,0.9126850086188114,0.8417507802888654,,,,,,,,,,,,,,,,,,,,,,,,22.133497558014426
M277,,,,,,,,,,,,,,,,,,,,,,,,,,,,,,,,,,,,,,,,,,,,,,,,,,,,0.7871937235675994,0.7097428580818822,0.9321840904949632,,0.9321340517914033,0.8038775119359939,,0.9014935745640286,,,,,,,,,,,,,,,,,,,,,,12.741294272557255
M297,,,,,,,,,,,,,,,,,,,,,,,,,,,,,,,,,,,,,,,,,,,,,,,,,,,,0.7991353260572908,0.8361028456358471,,,0.7296844551739936,,,,,,,,,,,,,,,,,,,,,,,,,61.14612893991627
M279,,,,,,,,,,,,,,,,,,,,,,,,,,,,,,,,,,,,,,,,,,,,,,,,,,,,0.8344748387672157,0.8367480841367494,,,,,,,,,,,,,,,,,,,,,,,,,,,,20.67814738123512
M263,,,,,,,,,,,,,,,,,,,,,,,,,,,,,,,,,,,,,,,,,,,,,,,,,,,,0.960617527857827,0.7198775395388484,0.8222138520106697,,,,,,,,,,,,,,,,,,,,,,,,,,,92.97485154972802
M276,,,,,,,,,,,,,,,,,,,,,,,,,,,,,,,,,,,,,,,,,,,,,,,,,,,,,0.7646306708915195,0.8970871125501638,0.8919460998253634,,,,0.9693230973385394,,,,,,,,,,,,,,,,,,,,,,80.33096375425976
M287,,,,,,,,,,,,,,,,,,,,,,,,,,,,,,,,,,,,,,,,,,,,,,,,,,,,,0.7581931136201203,,,0.8464757812693305,,,,0.7120670062795341,,,,,,,,,,,,,,,,,,,,,66.16424836028457
M278,,,,,,,,,,,,,,,,,,,,,,,,,,,,,,,,,,,,,,,,,,,,,,,,,,,,,0.7855554059885332,0.7821014859813373,0.9732325785880752,,,,0.8740173471482687,0.8471122921647998,,,,,,,,,,,,,,,,,,,,,86.65170111496178
M310,,,,,,,,,,,,,,,,,,,,,,,,,,,,,,,,,,,,,,,,,,,,,,,,,,,,,,,,,,,,,0.7995002804959197,0.7189568781626756,0.830978972979623,0.8679425846544526,0.8850644672191077,,,,,,,,,,,,,,,,16.763092078832386
M319,,,,,,,,,,,,,,,,,,,,,,,,,,,,,,,,,,,,,,,,,,,,,,,,,,,,,,,,,,,,,0.7049653194530483,0.9278579934894629,,0.9383123045473447,,,,,,,,,,,,,,,,,60.92296871065979
M332,,,,,,,,,,,,,,,,,,,,,,,,,,,,,,,,,,,,,,,,,,,,,,,,,,,,,,,,,,,,,0.814871350498842,0.7106918863643644,,0.9380222650529859,,0.7001876869666491,0.8645773758238932,,,,,,,,,,,,,,66.50349887403536
M327,,,,,,,,,,,,,,,,,,,,,,,,,,,,,,,,,,,,,,,,,,,,,,,,,,,,,,,,,,,,,0.7573735275119979,0.8654896217415018,,0.8409705606880489,,0.7780603727724922,,,,,,,,,,,,,,,28.961786392315698
M311,,,,,,,,,,,,,,,,,,,,,,,,,,,,,,,,,,,,,,,,,,,,,,,,,,,,,,,,,,,,,0.8317292508738166,0.7717265174898534,,0.8562118971277939,0.8507542864678073,0.9518336099808433,,,,,,,,,,,,,,,93.94389841474748
M300,,,,,,,,,,,,,,,,,,,,,,,,,,,,,,,,,,,,,,,,,,,,,,,,,,,,,,,,,,,,,0.8001231961207911,0.9679637401134455,,0.7466765374547161,,0.84380328198457,,,,,,,,,,,,,,,68.0017313904696
M322,,,,,,,,,,,,,,,,,,,,,,,,,,,,,,,,,,,,,,,,,,,,,,,,,,,,,,,,,,,,,0.766697689190737,0.8958973486956674,0.9577099639481292,0.9312802793024051,,0.9424923242788579,,,,,,,,,,,,,,,62.65610239394715
M331,,,,,,,,,,,,,,,,,,,,,,,,,,,,,,,,,,,,,,,,,,,,,,,,,,,,,,,,,,,,,0.8170385007594849,0.8013722595664708,,0.7162068610032936,,,,0.8106089578609201,0.8357476609771286,,,,,,,,,,,,47.33778118556577
M334,,,,,,,,,,,,,,,,,,,,,,,,,,,,,,,,,,,,,,,,,,,,,,,,,,,,,,,,,,,,,0.8527960275943558,0.7835237995589492,0.9463641603733822,0.8615379208809714,,,,,,,,,,,,,,,,,73.89410756973386
M307,,,,,,,,,,,,,,,,,,,,,,,,,,,,,,,,,,,,,,,,,,,,,,,,,,,,,,,,,,,,,0.9381923909966554,0.8860321017864773,,,0.8911594565810964,0.9702462633887711,,,,,,,,,,,,,,,81.03642958728963
M341,,,,,,,,,,,,,,,,,,,,,,,,,,,,,,,,,,,,,,,,,,,,,,,,,,,,,,,,,,,,,0.7296362691938186,0.8463841565001304,,,,0.7577194068517167,,,,,,,,,,,,,,,37.14626909388024
M340,,,,,,,,,,,,,,,,,,,,,,,,,,,,,,,,,,,,,,,,,,,,,,,,,,,,,,,,,,,,,0.7688138058352583,0.8133439867686008,,,,0.7717130270481559,,,,,,,,,,,,,,,81.40765535318837
M344,,,,,,,,,,,,,,,,,,,,,,,,,,,,,,,,,,,,,,,,,,,,,,,,,,,,,,,,,,,,,0.7491105384397958,0.8989210279251444,,,,,0.8651253886579486,,,0.7979930173594918,,,,,,,,,,,95.35383618351113
M345,,,,,,,,,,,,,,,,,,,,,,,,,,,,,,,,,,,,,,,,,,,,,,,,,,,,,,,,,,,,,0.8981900385870838,0.7974049342757933,,,,,,,0.8653004268199302,,,,,,,,,,,,37.85734603366158
M330,,,,,,,,,,,,,,,,,,,,,,,,,,,,,,,,,,,,,,,,,,,,,,,,,,,,,,,,,,,,,0.7866740893073887,0.8570297749779474,,0.7811133808470544,,0.7144164862196988,,,,,,,,,,,,,,,59.22163138187301
M314,,,,,,,,,,,,,,,,,,,,,,,,,,,,,,,,,,,,,,,,,,,,,,,,,,,,,,,,,,,,,0.7323684280873547,0.9395577502178829,,0.7328186064822997,0.9364547713961261,0.7626289195122138,,0.8692308553109239,,,,,,,,,,,,,66.15502815324811
M306,,,,,,,,,,,,,,,,,,,,,,,,,,,,,,,,,,,,,,,,,,,,,,,,,,,,,,,,,,,,,0.8872679438941353,0.8921556609356988,0.8703153358459392,,,0.8015874169847109,,,,,,,,,,,,,,,50.05074512627395
M308,,,,,,,,,,,,,,,,,,,,,,,,,,,,,,,,,,,,,,,,,,,,,,,,,,,,,,,,,,,,,0.9594668219399286,0.8471124848301352,0.7393329499544209,0.7202880987492438,,0.9119859378971847,,0.9531527637853764,,,,,,,,,,,,,71.89511091533817
M348,,,,,,,,,,,,,,,,,,,,,,,,,,,,,,,,,,,,,,,,,,,,,,,,,,,,,,,,,,,,,0.941219794803873,0.946925146792152,0.8681570892569095,0.705653380538017,,,,,0.84309477988745,0.7495712412506736,,,,,,,,,,,97.50863797791457
M328,,,,,,,,,,,,,,,,,,,,,,,,,,,,,,,,,,,,,,,,,,,,,,,,,,,,,,,,,,,,,0.9029076790326855,0.739260673383528,,0.8670701663221719,0.78598087491746,0.8131545656990964,,,0.887454523440128,,,,,,,,,,,,81.8160486391997
M349,,,,,,,,,,,,,,,,,,,,,,,,,,,,,,,,,,,,,,,,,,,,,,,,,,,,,,,,,,,,,0.8502168994082243,0.7813619764492348,,,,0.8765093832974719,,,,,,,,,,,,,,,48.728098207975414
M333,,,,,,,,,,,,,,,,,,,,,,,,,,,,,,,,,,,,,,,,,,,,,,,,,,,,,,,,,,,,,0.8000108797231246,0.7263398454232728,0.7882306742680832,0.8962496224618761,,,,0.8730748586164201,,,,,,,,,,,,,30.25510771706378
M335,,,,,,,,,,,,,,,,,,,,,,,,,,,,,,,,,,,,,,,,,,,,,,,,,,,,,,,,,,,,,0.772477490131199,0.9701986635334411,,0.7525378819208703,,,,,,0.7407627706951078,,,,,,,,,,,73.20477760039331
M342,,,,,,,,,,,,,,,,,,,,,,,,,,,,,,,,,,,,,,,,,,,,,,,,,,,,,,,,,,,,,0.7405237648643348,0.7656963849274284,0.8082646002720439,,0.779206271644934,0.9234045813423805,,,0.974403439422913,,,,,,,,,,,,79.94744867369555
M336,,,,,,,,,,,,,,,,,,,,,,,,,,,,,,,,,,,,,,,,,,,,,,,,,,,,,,,,,,,,,0.807263232823586,,,0.8554887920524689,,,0.7648963370294409,,0.8342240613064026,,,,,,,,,,,,85.83205279889542
M313,,,,,,,,,,,,,,,,,,,,,,,,,,,,,,,,,,,,,,,,,,,,,,,,,,,,,,,,,,,,,0.979411115522906,0.8460531140759783,0.9623203723127024,,0.7520840893510609,,,,,,,,,,,,,,,,78.42802657358271
M303,,,,,,,,,,,,,,,,,,,,,,,,,,,,,,,,,,,,,,,,,,,,,,,,,,,,,,,,,,,,,0.7982359544526908,0.883507782599083,0.8151561041343441,0.9438482455584747,,0.878023606679191,,,,0.8407025072022276,,,,,,,,,,,97.5178937814151
M324,,,,,,,,,,,,,,,,,,,,,,,,,,,,,,,,,,,,,,,,,,,,,,,,,,,,,,,,,,,,,0.9776640990045264,0.7458797021860177,,0.7474808253703774,,0.7790371453439067,0.7716138012154043,0.8795827286130717,,,,,,,,,,,,,83.01129129337221
M323,,,,,,,,,,,,,,,,,,,,,,,,,,,,,,,,,,,,,,,,,,,,,,,,,,,,,,,,,,,,,0.828715413973129,0.9359424787580307,0.8510348720584233,0.780487854414304,0.951651247482633,0.8016646599266568,,0.9726336934318456,,,,,,,,,,,,,78.08013056413104
M302,,,,,,,,,,,,,,,,,,,,,,,,,,,,,,,,,,,,,,,,,,,,,,,,,,,,,,,,,,,,,0.8259908715238357,0.7323711447712888,0.8663664938912379,0.9470192931298846,,,0.7474644168366062,,,0.8130838016209818,,,,,,,,,,,27.791902952651316
M304,,,,,,,,,,,,,,,,,,,,,,,,,,,,,,,,,,,,,,,,,,,,,,,,,,,,,,,,,,,,,0.832221853198774,0.7281945169167937,0.7395598513467706,0.8411742128451107,,,,0.7508950381374808,,,,,,,,,,,,,95.15992619945398
M305,,,,,,,,,,,,,,,,,,,,,,,,,,,,,,,,,,,,,,,,,,,,,,,,,,,,,,,,,,,,,0.8409055028429742,0.9559491424456675,0.9232383262206959,,,0.8604268760751315,,0.8873486846343367,,,,,,,,,,,,,90.65895995234267
M326,,,,,,,,,,,,,,,,,,,,,,,,,,,,,,,,,,,,,,,,,,,,,,,,,,,,,,,,,,,,,0.9180750639974818,0.7391837094860432,0.8060474872248641,0.7472604016552828,,,0.7962267909169551,,0.7970469401798035,,,,,,,,,,,,26.42107223718006
M318,,,,,,,,,,,,,,,,,,,,,,,,,,,,,,,,,,,,,,,,,,,,,,,,,,,,,,,,,,,,,0.9225232248336336,0.7023078319290121,0.7737031493567129,,,0.9398819961093644,,0.815319959086125,,,,,,,,,,,,,68.86365016526481
M312,,,,,,,,,,,,,,,,,,,,,,,,,,,,,,,,,,,,,,,,,,,,,,,,,,,,,,,,,,,,,0.7719599427459188,0.7007780686320494,,0.7318336097546634,,,0.8865074633539354,,,,,,,,,,,,,,29.957375227429345
M309,,,,,,,,,,,,,,,,,,,,,,,,,,,,,,,,,,,,,,,,,,,,,,,,,,,,,,,,,,,,,0.9534252169354144,,0.906628534799944,,0.7070229681451459,0.7489028656150694,0.8790705723451013,,,,,,,,,,,,,,69.66895976006616
M315,,,,,,,,,,,,,,,,,,,,,,,,,,,,,,,,,,,,,,,,,,,,,,,,,,,,,,,,,,,,,0.7568554654589627,0.7184715570805362,0.7263664881294177,,0.8828755668856585,0.7230674211329887,,,,,,,,,,,,,,,65.6816799260947
M339,,,,,,,,,,,,,,,,,,,,,,,,,,,,,,,,,,,,,,,,,,,,,,,,,,,,,,,,,,,,,0.8211510605898641,0.9116947431487379,,0.9444495973961708,,,,0.776611658499331,,0.7516100649988706,,,,,,,,,,,65.40370666083999
M325,,,,,,,,,,,,,,,,,,,,,,,,,,,,,,,,,,,,,,,,,,,,,,,,,,,,,,,,,,,,,,0.7990750273855846,0.8514986830199618,0.8363056884879633,,,,0.7645069016356894,,,,,,,,,,,,,22.20374497803236
M317,,,,,,,,,,,,,,,,,,,,,,,,,,,,,,,,,,,,,,,,,,,,,,,,,,,,,,,,,,,,,,0.7679478604383378,0.9519394229860406,0.9523238566131874,,0.9394606884184885,,,0.7347501688464244,,,,,,,,,,,,61.01132412103158
M329,,,,,,,,,,,,,,,,,,,,,,,,,,,,,,,,,,,,,,,,,,,,,,,,,,,,,,,,,,,,,,0.7542513987276506,0.8654686048448004,0.9212271303387365,,,,,0.8955414253370673,,,,,,,,,,,,58.15095865066102
M301,,,,,,,,,,,,,,,,,,,,,,,,,,,,,,,,,,,,,,,,,,,,,,,,,,,,,,,,,,,,,,0.7163272220473553,0.7850453287748973,0.967853501228212,,,,,,,,,,,,,,,,,82.12747389201002
M338,,,,,,,,,,,,,,,,,,,,,,,,,,,,,,,,,,,,,,,,,,,,,,,,,,,,,,,,,,,,,,0.7523009273673724,0.8506032676577777,0.7019851633400152,,0.7217196036605166,,,0.848844687400585,,,,,,,,,,,,31.00581346733948
M347,,,,,,,,,,,,,,,,,,,,,,,,,,,,,,,,,,,,,,,,,,,,,,,,,,,,,,,,,,,,,,0.7916931689118117,0.8998821481882813,0.7864451515690305,,,,,,,,,,,,,,,,,33.50421074044004
M321,,,,,,,,,,,,,,,,,,,,,,,,,,,,,,,,,,,,,,,,,,,,,,,,,,,,,,,,,,,,,,0.7814126481609013,,0.8046436734845354,,,,,,,,,,,,,,,,,70.32836839513784
M343,,,,,,,,,,,,,,,,,,,,,,,,,,,,,,,,,,,,,,,,,,,,,,,,,,,,,,,,,,,,,,0.9586307356743989,,,,,,,0.8745764085629831,,,,,,,,,,,,79.22428091603155
M346,,,,,,,,,,,,,,,,,,,,,,,,,,,,,,,,,,,,,,,,,,,,,,,,,,,,,,,,,,,,,,0.8747554032453858,0.9162569186575915,,,0.7793727853615517,,,,,,,,,,,,,,,64.23565667711266
M316,,,,,,,,,,,,,,,,,,,,,,,,,,,,,,,,,,,,,,,,,,,,,,,,,,,,,,,,,,,,,,0.743525403924829,,0.7733281134948061,,0.8576680731514031,,,,,,,,,,,,,,,87.65608370609861
M320,,,,,,,,,,,,,,,,,,,,,,,,,,,,,,,,,,,,,,,,,,,,,,,,,,,,,,,,,,,,,,0.802050772656016,0.8944197061532099,0.8367729631140478,,,,,,,,,,,,,,,,,38.75389965931493
M337,,,,,,,,,,,,,,,,,,,,,,,,,,,,,,,,,,,,,,,,,,,,,,,,,,,,,,,,,,,,,,,,,,0.7461360035975213,,,,,,,,,,,,,,,9.373235268036074
M377,,,,,,,,,,,,,,,,,,,,,,,,,,,,,,,,,,,,,,,,,,,,,,,,,,,,,,,,,,,,,,,,,,,,,,,0.841505149534945,0.7099203604818833,0.7056724254701688,0.8654859958271002,0.8966330310346493,0.7762103848684867,0.8405106033386962,0.9500697042764155,,,73.7048354382941
M370,,,,,,,,,,,,,,,,,,,,,,,,,,,,,,,,,,,,,,,,,,,,,,,,,,,,,,,,,,,,,,,,,,,,,,,0.8178752855832552,0.9592484388396799,0.8130469719308582,0.7525418292920176,0.9610478048462722,,0.7889780396075756,0.9077229392476048,,,92.65577265178787
M384,,,,,,,,,,,,,,,,,,,,,,,,,,,,,,,,,,,,,,,,,,,,,,,,,,,,,,,,,,,,,,,,,,,,,,,0.7356028869158941,0.9679790985441078,,,0.7132898026424198,0.7960518446645185,0.7361806020547677,0.7760458145603852,,,93.52875248037851
M379,,,,,,,,,,,,,,,,,,,,,,,,,,,,,,,,,,,,,,,,,,,,,,,,,,,,,,,,,,,,,,,,,,,,,,,0.8369053462699034,,0.7379828060859395,0.7803108027855192,,,0.9603186732963708,0.7210768869428089,,,66.38800830760295
M362,,,,,,,,,,,,,,,,,,,,,,,,,,,,,,,,,,,,,,,,,,,,,,,,,,,,,,,,,,,,,,,,,,,,,,,0.8199117718204199,0.8221870544145559,0.7117149259459977,0.7979191477598901,,,0.8594797800899151,0.819844168379225,0.7115726666503202,,80.21018019422527
M375,,,,,,,,,,,,,,,,,,,,,,,,,,,,,,,,,,,,,,,,,,,,,,,,,,,,,,,,,,,,,,,,,,,,,,,0.7678588651450776,,,,0.7289486859613132,0.9423085623470744,0.8584194773579163,0.8510155165477813,,,75.89566783090491
M371,,,,,,,,,,,,,,,,,,,,,,,,,,,,,,,,,,,,,,,,,,,,,,,,,,,,,,,,,,,,,,,,,,,,,,,0.8029979356929896,,0.8638911838753358,,0.8439882709430402,,0.9772381194498871,0.8483042909500276,,,68.29242156972367
M396,,,,,,,,,,,,,,,,,,,,,,,,,,,,,,,,,,,,,,,,,,,,,,,,,,,,,,,,,,,,,,,,,,,,,,,0.8360779869866394,0.8038953075344053,,0.7076920691231695,,0.7402142644427839,0.8564654000203981,0.9061156514636621,,,50.93378438960415
M387,,,,,,,,,,,,,,,,,,,,,,,,,,,,,,,,,,,,,,,,,,,,,,,,,,,,,,,,,,,,,,,,,,,,,,,0.9108612464700032,,,,,0.8214171197099136,0.8382404753975311,0.7819314417146305,,,64.57917474644881
M353,,,,,,,,,,,,,,,,,,,,,,,,,,,,,,,,,,,,,,,,,,,,,,,,,,,,,,,,,,,,,,,,,,,,,,,0.8317619075557385,,0.8677268791393975,0.7110020482210891,0.8719265160408948,,0.9597991875458943,0.9139535977573552,,,71.93105871375711
M398,,,,,,,,,,,,,,,,,,,,,,,,,,,,,,,,,,,,,,,,,,,,,,,,,,,,,,,,,,,,,,,,,,,,,,,0.8431011659291934,,0.775226830757393,,,,0.8394040291594151,0.7197337877564227,,,13.152795848577162
M354,,,,,,,,,,,,,,,,,,,,,,,,,,,,,,,,,,,,,,,,,,,,,,,,,,,,,,,,,,,,,,,,,,,,,,,0.7221044538063359,0.949799163194064,,0.7171960220667697,,0.9231558191491184,0.7492326339432456,0.9745426867556645,,,74.69603265026716
M395,,,,,,,,,,,,,,,,,,,,,,,,,,,,,,,,,,,,,,,,,,,,,,,,,,,,,,,,,,,,,,,,,,,,,,,0.8068581435384448,,0.8132338218102011,,,0.8033706502593118,0.9127781340742772,0.8972920321594338,,,75.02406920795438
M360,,,,,,,,,,,,,,,,,,,,,,,,,,,,,,,,,,,,,,,,,,,,,,,,,,,,,,,,,,,,,,,,,,,,,,,0.9789405925592332,,0.8933405063912487,,0.834315125310652,,0.8933538668323566,0.7669416266775848,,,53.59403898107875
M390,,,,,,,,,,,,,,,,,,,,,,,,,,,,,,,,,,,,,,,,,,,,,,,,,,,,,,,,,,,,,,,,,,,,,,,0.8259496215210685,,0.8569312281940447,0.8221017401376007,0.9007906047310197,,0.8606708846671368,0.9540287227017831,,,85.99103967630384
M397,,,,,,,,,,,,,,,,,,,,,,,,,,,,,,,,,,,,,,,,,,,,,,,,,,,,,,,,,,,,,,,,,,,,,,,0.9594510706771875,,0.7251541556797861,,,,0.7705608393942953,,,,91.09077510930297
M382,,,,,,,,,,,,,,,,,,,,,,,,,,,,,,,,,,,,,,,,,,,,,,,,,,,,,,,,,,,,,,,,,,,,,,,0.8023611531093036,0.7173325872338425,,0.7717949371574736,0.9336788576736219,,0.8779913896826841,0.9039560351611916,,,18.024061454847526
M350,,,,,,,,,,,,,,,,,,,,,,,,,,,,,,,,,,,,,,,,,,,,,,,,,,,,,,,,,,,,,,,,,,,,,,,0.7982724304672002,,0.9144034946461137,0.7507912924615112,,,0.7921828863789139,0.7193311177996012,,,30.97272632572542
M366,,,,,,,,,,,,,,,,,,,,,,,,,,,,,,,,,,,,,,,,,,,,,,,,,,,,,,,,,,,,,,,,,,,,,,,0.7241255525424679,0.955380907800111,0.7656105371014209,,0.7882642499824166,,0.8471263274344368,0.7288546387083631,,0.8162352950800269,52.399060072827865
M388,,,,,,,,,,,,,,,,,,,,,,,,,,,,,,,,,,,,,,,,,,,,,,,,,,,,,,,,,,,,,,,,,,,,,,,0.7337221249461061,0.8246169649485813,,0.8899351300768369,,,0.8851431500469595,0.9314477538099002,,0.854191647713942,82.33774783284184
M394,,,,,,,,,,,,,,,,,,,,,,,,,,,,,,,,,,,,,,,,,,,,,,,,,,,,,,,,,,,,,,,,,,,,,,,0.9712428159262794,,0.8097763519277484,,,0.9672369926269477,0.8965672902781623,0.7802667708142209,,,73.0483686700586
M372,,,,,,,,,,,,,,,,,,,,,,,,,,,,,,,,,,,,,,,,,,,,,,,,,,,,,,,,,,,,,,,,,,,,,,,0.8208896667662663,0.9726370674397361,0.8562678976144,0.74030529117458,,0.8181690285045036,0.8896747666522149,0.8400070279860675,,,70.69769267851171
M393,,,,,,,,,,,,,,,,,,,,,,,,,,,,,,,,,,,,,,,,,,,,,,,,,,,,,,,,,,,,,,,,,,,,,,,0.7564969025375646,,0.8418309312005302,0.9777148053053081,0.8072746274135271,,0.7557991426937904,0.9486871255338049,,,65.57008499057403
M358,,,,,,,,,,,,,,,,,,,,,,,,,,,,,,,,,,,,,,,,,,,,,,,,,,,,,,,,,,,,,,,,,,,,,,,0.8674200629655945,0.71379792201214,0.8008748935439581,0.9631006826647086,,0.8090737060644703,0.9188602657463372,0.9577168555133103,0.9696825778408961,,87.39113666091546
M367,,,,,,,,,,,,,,,,,,,,,,,,,,,,,,,,,,,,,,,,,,,,,,,,,,,,,,,,,,,,,,,,,,,,,,,0.8230051310103046,,0.8159421964415733,0.8465229408627452,0.8095620708429552,,0.8307224886819558,0.9482833542951123,,0.7933131999844645,21.491238317654624
M361,,,,,,,,,,,,,,,,,,,,,,,,,,,,,,,,,,,,,,,,,,,,,,,,,,,,,,,,,,,,,,,,,,,,,,,0.8767114590330215,0.9395929557196466,,0.8105198774466089,0.9321005908790537,0.716816557727664,0.7523697426739384,0.9472180144961282,,,37.368203776814234
M364,,,,,,,,,,,,,,,,,,,,,,,,,,,,,,,,,,,,,,,,,,,,,,,,,,,,,,,,,,,,,,,,,,,,,,,0.9471229109588151,,0.7712661362728264,0.9043376398804686,,0.7513044725136354,0.758533156253912,0.7838965275134877,,,17.07528773381333
M365,,,,,,,,,,,,,,,,,,,,,,,,,,,,,,,,,,,,,,,,,,,,,,,,,,,,,,,,,,,,,,,,,,,,,,,0.8705736098200375,0.8233030245078703,,0.9250258209814028,,,0.7769891375823567,0.8225437774543711,0.929668152257842,,41.888656702567594
M352,,,,,,,,,,,,,,,,,,,,,,,,,,,,,,,,,,,,,,,,,,,,,,,,,,,,,,,,,,,,,,,,,,,,,,,0.9081416602333071,,0.8772742960412971,0.7475575056532581,0.7910636436222995,,0.8474152355690538,0.7084460048194035,0.7019879109011218,,15.497049062691614
M383,,,,,,,,,,,,,,,,,,,,,,,,,,,,,,,,,,,,,,,,,,,,,,,,,,,,,,,,,,,,,,,,,,,,,,,0.9700276233150933,,,0.8916298056796397,,0.9214866401623624,0.7371575759874867,,,,55.85715299339653
M356,,,,,,,,,,,,,,,,,,,,,,,,,,,,,,,,,,,,,,,,,,,,,,,,,,,,,,,,,,,,,,,,,,,,,,,0.8881555292501797,0.7994098999316659,0.79192186757188,,0.7997105066118759,0.7502088890227482,0.8632868840168362,0.9270126604792903,,,68.50973266100459
M391,,,,,,,,,,,,,,,,,,,,,,,,,,,,,,,,,,,,,,,,,,,,,,,,,,,,,,,,,,,,,,,,,,,,,,,,0.8620526483745912,0.9639383838104317,0.844736745644421,0.9034815697622884,,0.8971631610886847,0.969485813031168,,0.8894455687787692,77.24072016543383
M359,,,,,,,,,,,,,,,,,,,,,,,,,,,,,,,,,,,,,,,,,,,,,,,,,,,,,,,,,,,,,,,,,,,,,,,,0.8588842265052445,0.9621553698183103,0.8226766069541286,,,0.8971382529764802,0.917588309270418,,,67.29414554996505
M351,,,,,,,,,,,,,,,,,,,,,,,,,,,,,,,,,,,,,,,,,,,,,,,,,,,,,,,,,,,,,,,,,,,,,,,,0.8087178820242829,0.8889379786641058,,0.7662592133521904,,0.9047657174466672,0.7201195451017756,,,15.830884515897536
M363,,,,,,,,,,,,,,,,,,,,,,,,,,,,,,,,,,,,,,,,,,,,,,,,,,,,,,,,,,,,,,,,,,,,,,,,0.9295047869842644,0.7418698823067115,0.8116356075690123,,,0.8083339918477945,0.8504346069814653,,,60.55504255236322
M385,,,,,,,,,,,,,,,,,,,,,,,,,,,,,,,,,,,,,,,,,,,,,,,,,,,,,,,,,,,,,,,,,,,,,,,,0.8722275835290224,0.9551130550106802,0.7109790559012339,,0.7916700392862795,0.8018901603146017,0.8413910743332623,0.8890765813160053,,81.73620311460368
M369,,,,,,,,,,,,,,,,,,,,,,,,,,,,,,,,,,,,,,,,,,,,,,,,,,,,,,,,,,,,,,,,,,,,,,,,0.7543545285542765,0.7268066236993764,0.8149018748648251,,0.822697136378131,0.8090567385068612,0.9588222509370143,,,56.91249027306264
M399,,,,,,,,,,,,,,,,,,,,,,,,,,,,,,,,,,,,,,,,,,,,,,,,,,,,,,,,,,,,,,,,,,,,,,,,0.8692611503338303,0.9662528058887581,,,,0.8440972384151815,0.7003493211796863,,,88.10726033647373
M368,,,,,,,,,,,,,,,,,,,,,,,,,,,,,,,,,,,,,,,,,,,,,,,,,,,,,,,,,,,,,,,,,,,,,,,,0.9634796442593726,0.8395444557632423,0.8142961504909786,0.91819203659011,,0.7800569502977558,0.7953336204199493,,,82.05698513804708
M380,,,,,,,,,,,,,,,,,,,,,,,,,,,,,,,,,,,,,,,,,,,,,,,,,,,,,,,,,,,,,,,,,,,,,,,,0.8139725996043242,,0.8071059632441839,,,0.9604701307453457,0.8155406219964021,,,84.93949582048845
M374,,,,,,,,,,,,,,,,,,,,,,,,,,,,,,,,,,,,,,,,,,,,,,,,,,,,,,,,,,,,,,,,,,,,,,,,0.8070633832970322,0.7208181876796209,,,0.8130734739792567,0.9529636911907117,0.9651253334786928,,,76.45562001819899
M357,,,,,,,,,,,,,,,,,,,,,,,,,,,,,,,,,,,,,,,,,,,,,,,,,,,,,,,,,,,,,,,,,,,,,,,,,0.9219145107078057,,,,0.7240278690638987,0.7888384968358397,,,70.09842415217673
M392,,,,,,,,,,,,,,,,,,,,,,,,,,,,,,,,,,,,,,,,,,,,,,,,,,,,,,,,,,,,,,,,,,,,,,,,,0.7320584887491273,,0.7538060748497052,,0.9610086098177584,0.8784920032733103,,,85.40197483928958
M386,,,,,,,,,,,,,,,,,,,,,,,,,,,,,,,,,,,,,,,,,,,,,,,,,,,,,,,,,,,,,,,,,,,,,,,,,0.9746759939398882,0.7663231534499073,,,0.7095719412979868,0.7414247011333228,,,67.60681229525359
M373,,,,,,,,,,,,,,,,,,,,,,,,,,,,,,,,,,,,,,,,,,,,,,,,,,,,,,,,,,,,,,,,,,,,,,,,,0.7344702932502876,,0.8080115503363164,,0.7834873233543358,0.8012601499748213,,,6.509781819058254
M355,,,,,,,,,,,,,,,,,,,,,,,,,,,,,,,,,,,,,,,,,,,,,,,,,,,,,,,,,,,,,,,,,,,,,,,,,0.9283283137808288,0.8550549705972391,0.8564181739662338,,0.8012812660125233,0.974943077850382,,,68.32257841915714
M381,,,,,,,,,,,,,,,,,,,,,,,,,,,,,,,,,,,,,,,,,,,,,,,,,,,,,,,,,,,,,,,,,,,,,,,,,0.8021030041896192,0.7991556109714157,0.7876684477766978,,0.7631967494287236,0.742486349551305,,,54.73303314942427
M378,,,,,,,,,,,,,,,,,,,,,,,,,,,,,,,,,,,,,,,,,,,,,,,,,,,,,,,,,,,,,,,,,,,,,,,,,,0.8734397232060139,,,0.7378149990612367,0.8379112916704188,,,20.8432964055512
M376,,,,,,,,,,,,,,,,,,,,,,,,,,,,,,,,,,,,,,,,,,,,,,,,,,,,,,,,,,,,,,,,,,,,,,,,,,0.866075053954096,,0.7832862998826651,0.7937790621399564,0.7250478779388743,,0.7396041339440075,60.34675477114296
M389,,,,,,,,,,,,,,,,,,,,,,,,,,,,,,,,,,,,,,,,,,,,,,,,,,,,,,,,,,,,,,,,,,,,,,,,,,0.7283107355871608,0.9602612253874867,0.9026396034970724,0.8504918850893766,0.8842313505078746,,,79.71121673749496
