,class,selectivity
0,P0,0.4384891971596986
1,P1,0.8416671390861339
2,P2,0.015747901789416763
3,P3,0.07950805552849927
4,P4,0.21796146973902653
5,P5,0.7406741443481113
6,P6,0.18586461160794632
7,P7,0.5929001647819732
8,P8,0.3997999931774917
9,P9,0.3964953881379941
10,P10,0.2679193016389355
11,P11,0.15798027874093457
12,P12,0.22727305547300036
13,P13,0.6464620987965009
14,P14,0.5724611034602247
15,P15,0.4827052051600963
16,P16,0.6355088539115703
17,P17,0.40317825443720756
18,P18,0.3395198048010737
19,P19,0.5983170596715164
20,P20,0.013198619808851952
21,P21,0.748173837734233
22,P22,0.5502594830997009
23,P23,0.5058878905605082
24,P24,0.9606713742132682
25,P25,0.6067144045110959
26,P26,0.3579343601254459
27,P27,0.30204462719701874
28,P28,0.0898520930169211
29,P29,0.3596441540906493
30,P30,0.43916527014610507
31,P31,0.6831816133681251
32,P32,0.25783921847408076
33,P33,0.28396358516746345
34,P34,0.9745596948812071
35,P35,0.12135462232775795
36,P36,0.756616324547335
37,P37,0.5392151836118196
38,P38,0.4857109800369137
39,P39,0.8302970938708775
40,P40,0.009589740531826152
41,P41,0.509761979258514
42,P42,0.9828049847435473
43,P43,0.9049928418509792
44,P44,0.7508244043829938
45,P45,0.3975232992407852
46,P46,0.9577417398963913
47,P47,0.266745376654572
48,P48,0.6852158046880878
49,P49,0.2003162599941254
50,P50,0.38525346527471904
51,P51,0.11233028678217483
52,P52,0.09577850270948285
53,P53,0.5331150525797413
54,P54,0.6016175812361075
55,P55,0.8535739079482675
56,P56,0.9342243883274614
57,P57,0.6521473306069551
58,P58,0.9978533045200013
59,P59,0.7803714630854427
60,P60,0.8387038210104478
61,P61,0.5107245775991561
62,P62,0.22468515188043436
63,P63,0.420890373337107
64,P64,0.9111440792712233
65,P65,0.7450153789377543
66,P66,0.25684295504132026
67,P67,0.9967732515622526
68,P68,0.34074040722952237
69,P69,0.08577673483556703
70,P70,0.6769681952296163
71,P71,0.9954872515714075
72,P72,0.7102778753276293
73,P73,0.3598142713577668
74,P74,0.36351493635264787
75,P75,0.6784000651874261
76,P76,0.24017783140198812
77,P77,0.02937326618544167
78,P78,0.7333749382203824
79,P79,0.9531389563689786
80,P80,0.7281847546587811
81,P81,0.4901858499335584
82,P82,0.05974364481962169
83,P83,0.11615677457666229
84,P84,0.09428094390176689
85,P85,0.5890058850308607
86,P86,0.057471470291300286
87,P87,0.7958762298937776
88,P88,0.7225642545722228
89,P89,0.18891280439727687
90,P90,0.663732728369028
91,P91,0.10299834141738795
92,P92,0.3188934813588129
93,P93,0.11463917184816752
94,P94,0.7448758949831825
95,P95,0.644463591872825
96,P96,0.08947642185628712
97,P97,0.2383207184515589
98,P98,0.49453880699315067
99,P99,0.6386827489601642
100,P100,0.9812378434740088
101,P101,0.4979726276181622
102,P102,0.994795012792985
103,P103,0.08395007509837116
104,P104,0.5033966183700507
105,P105,0.4971062148524622
106,P106,0.20297732522704892
107,P107,0.08715500946158516
108,P108,0.5057476613326005
109,P109,0.6666022710918681
110,P110,0.25752758241770946
111,P111,0.15938635885394048
112,P112,0.8491634029797399
113,P113,0.254954557125893
114,P114,0.6290106556291103
115,P115,0.9570167735842652
116,P116,0.7884796498376413
117,P117,0.8181995963612422
118,P118,0.027149302541492615
119,P119,0.5932415003569574
120,P120,0.6894876753916035
121,P121,0.5468726162001313
122,P122,0.0004424753288110317
123,P123,0.509792504977987
124,P124,0.3444450236629517
125,P125,0.3047415161428837
126,P126,0.7153607557877062
127,P127,0.5434248862714594
128,P128,0.07074405431274744
129,P129,0.3349800346474927
130,P130,0.3298590737469066
131,P131,0.2877437078304901
132,P132,0.1780780618971799
133,P133,0.4540167633873038
134,P134,0.27939092246262565
135,P135,0.1562531776203624
136,P136,0.00944900734934917
137,P137,0.4353477023424983
138,P138,0.7390046143768151
139,P139,0.6769388541078075
140,P140,0.22953445950221085
141,P141,0.8143107886727924
142,P142,0.8821027951328884
143,P143,0.11958784246883525
144,P144,0.4665228014287962
145,P145,0.811663804735724
146,P146,0.32721731580408864
147,P147,0.8028533936950624
148,P148,0.9080994775480974
149,P149,0.44608511181094457
150,P150,0.8165071397340745
151,P151,0.24952744564020113
152,P152,0.6602512925845623
153,P153,0.17418597111642853
154,P154,0.5680501104738402
155,P155,0.10748950658359024
156,P156,0.3044790860057025
157,P157,0.5390833298510684
158,P158,0.8642394518617862
159,P159,0.3072215464215994
160,P160,0.15213735589493005
161,P161,0.27067301050207926
162,P162,0.6324382912960642
163,P163,0.669252606268405
164,P164,0.7597579182915912
165,P165,0.7017092159153129
166,P166,0.9270523877966088
167,P167,0.042101835338879234
168,P168,0.8412121846762317
169,P169,0.6731058540481294
170,P170,0.9672164020942272
171,P171,0.9274084051632883
172,P172,0.2644461004201607
173,P173,0.5863443577138668
174,P174,0.4342784757686332
175,P175,0.15944991698350808
176,P176,0.903967524665391
177,P177,0.014190051919476199
178,P178,0.8620767859868953
179,P179,0.5186913523774047
180,P180,0.8705377148297436
181,P181,0.3106379038999165
182,P182,0.3516485816603997
183,P183,0.9127466257502479
184,P184,0.5952207919784221
185,P185,0.558991831904389
186,P186,0.9958680989458659
187,P187,0.2979299524152992
188,P188,0.9923848962097623
189,P189,0.3754066050671194
190,P190,0.389544229671105
191,P191,0.8507333657979516
192,P192,0.48892271950090094
193,P193,0.07788731051765696
194,P194,0.6475568011361991
195,P195,0.9513177111781046
196,P196,0.6309262828132104
197,P197,0.9583289254381304
198,P198,0.043385024185788046
199,P199,0.810948109965758
200,P200,0.02425051773458653
201,P201,0.3828653936010916
202,P202,0.757992547929042
203,P203,0.21373629349948342
204,P204,0.2594092788090664
205,P205,0.6007243277013666
206,P206,0.043459313540510025
207,P207,0.5803896189709015
208,P208,0.994919507028516
209,P209,0.7862280617620463
210,P210,0.13268288182998955
211,P211,0.8895309775875795
212,P212,0.5287161194350284
213,P213,0.9294204533354821
214,P214,0.7798665569619501
215,P215,0.645192386152097
216,P216,0.30201470588734347
217,P217,0.8188516586960245
218,P218,0.9610917396019467
219,P219,0.49305512881440305
220,P220,0.4573384666678536
221,P221,0.2434922956526827
222,P222,0.2979859706344835
223,P223,0.3222058387944139
224,P224,0.8551192246242845
225,P225,0.18847181066005125
226,P226,0.780760873479339
227,P227,0.557115351996603
228,P228,0.6476707624022665
229,P229,0.664425873716127
230,P230,0.19991742022860748
231,P231,0.955902915559347
232,P232,0.40913349039062796
233,P233,0.07319687913759243
234,P234,0.9068321414368841
235,P235,0.9699273511973626
236,P236,0.01811204093463581
237,P237,0.8283001717522394
238,P238,0.0690131036929238
239,P239,0.7978850956092297
240,P240,0.9392653396393958
241,P241,0.7660179061957965
242,P242,0.01474003039515226
243,P243,0.02021131114686503
244,P244,0.8174983667440248
245,P245,0.7692082604753104
246,P246,0.715713603015008
247,P247,0.5223412374251443
248,P248,0.2541202088305632
249,P249,0.5746382457933956
250,P250,0.4139476545595857
251,P251,0.48253357449309175
252,P252,0.8910484220400032
253,P253,0.005524920683810719
254,P254,0.27374515138693645
255,P255,0.3024823362139549
256,P256,0.7118557250295493
257,P257,0.8779297944423904
258,P258,0.6935629774550626
259,P259,0.2884165711235026
260,P260,0.8141591573063167
261,P261,0.23141875864089145
262,P262,0.5248378610449651
263,P263,0.570395903057604
264,P264,0.9322603483038532
265,P265,0.3261217136400779
266,P266,0.054370837119383064
267,P267,0.20700164471897298
268,P268,0.5365539800758069
269,P269,0.556032349465271
270,P270,0.8628484837397805
271,P271,0.6079248316177394
272,P272,0.29144267410783475
273,P273,0.5251379717215008
274,P274,0.3517612076226404
275,P275,0.9067436523847198
276,P276,0.102467748582589
277,P277,0.4390832337275298
278,P278,0.1765078109921805
279,P279,0.6280957200113634
280,P280,0.4454200946503363
281,P281,0.28986528136815104
282,P282,0.9363321204820525
283,P283,0.8418805605745988
284,P284,0.3376305478078754
285,P285,0.18276285722317698
286,P286,0.6806110487073956
287,P287,0.5145906699285879
288,P288,0.41000190170617856
289,P289,0.9595516165270291
290,P290,0.2975138982107257
291,P291,0.8732268609100488
292,P292,0.1775600363103289
293,P293,0.6069914601456944
294,P294,0.08257173814482155
295,P295,0.7220531155170952
296,P296,0.08848386013540288
297,P297,0.03507215005031117
298,P298,0.7482799013098052
299,P299,0.8550892690627656
300,P300,0.8851585897857269
301,P301,0.7104075301356769
302,P302,0.668437228354002
303,P303,0.26672514546717485
304,P304,0.06392223452721402
305,P305,0.6343722516328512
306,P306,0.1056766396322334
307,P307,0.7228312807402568
308,P308,0.11053960059262125
309,P309,0.2055050222686945
310,P310,0.16337143330617077
311,P311,0.7692583088836011
312,P312,0.7616945882127939
313,P313,0.8280209701118083
314,P314,0.8695947720318443
315,P315,0.7063895517189467
316,P316,0.9943940965700395
317,P317,0.06041403540467527
318,P318,0.7716618804208443
319,P319,0.18167507402564964
320,P320,0.656783287437811
321,P321,0.17800465087419526
322,P322,0.18772932323564373
323,P323,0.8484644408225144
324,P324,0.7028179861371582
325,P325,0.6270349358453379
326,P326,0.6032791331379833
327,P327,0.33735493709245323
328,P328,0.14623979634090623
329,P329,0.7040096599998199
330,P330,0.05875975731395944
331,P331,0.260121227189271
332,P332,0.3733869419555186
333,P333,0.004013697442770137
334,P334,0.7321695380009527
335,P335,0.3194910911784431
336,P336,0.46688504342248105
337,P337,0.8052613127436217
338,P338,0.7004743628277751
339,P339,0.3992209376208762
340,P340,0.5165194942854697
341,P341,0.4409947177224991
342,P342,0.4424202078273908
343,P343,0.9560880240597021
344,P344,0.2884043284967791
345,P345,0.783302511039724
346,P346,0.10887018244604318
347,P347,0.5792672020737034
348,P348,0.890883850567359
349,P349,0.8596135430188439
350,P350,0.8097313899178594
351,P351,0.19213897977684535
352,P352,0.7709816337553815
353,P353,0.6710275417559274
354,P354,0.1430594265185502
355,P355,0.17946376063215053
356,P356,0.2037078646395608
357,P357,0.1385517527430018
358,P358,0.8212475175164134
359,P359,0.7838674028980575
360,P360,0.8034114683068417
361,P361,0.41504684779566114
362,P362,0.5303703188790674
363,P363,0.5716676978446227
364,P364,0.2590640534022508
365,P365,0.34921466715030103
366,P366,0.7653013382391165
367,P367,0.5513452021809839
368,P368,0.21318867300104605
369,P369,0.5703502842139996
370,P370,0.5413074581867097
371,P371,0.020332250198186408
372,P372,0.2808258100024077
373,P373,0.5873348579204464
374,P374,0.22740262854348192
375,P375,0.3690518492085211
376,P376,0.5770929074957473
377,P377,0.3405014648203484
378,P378,0.21023684848891666
379,P379,0.46432514009685943
380,P380,0.45200226657843523
381,P381,0.18838512313124645
382,P382,0.8616486106809916
383,P383,0.5267354283419087
384,P384,0.4942285178516722
385,P385,0.921564780544043
386,P386,0.7474786902829618
387,P387,0.1684545559031826
388,P388,0.14919165439321047
389,P389,0.8530323245988553
390,P390,0.5362919310461136
391,P391,0.19489429477262732
392,P392,0.1124022023182486
393,P393,0.18922588258623274
394,P394,0.6386678640101757
395,P395,0.6250368118754075
396,P396,0.47636146031261495
397,P397,0.18854569707193247
398,P398,0.8179650384125017
399,P399,0.8909402462096838
400,P400,0.6882155251318773
401,P401,0.4253742221649516
402,P402,0.035626876427916065
403,P403,0.2785670575648962
404,P404,0.8498071038372879
405,P405,0.9968959281361928
406,P406,0.37316450597659434
407,P407,0.3727946036098465
408,P408,0.21641762042093404
409,P409,0.6094703716893913
410,P410,0.9776577870552329
411,P411,0.1966898931490204
412,P412,0.6352395493227969
413,P413,0.29570617248597997
414,P414,0.19766223788304482
415,P415,0.27229419135849997
416,P416,0.259568875292142
417,P417,0.3383687335261555
418,P418,0.4807956821705013
419,P419,0.12956932001468124
420,P420,0.8396264154712867
421,P421,0.6171035856050829
422,P422,0.8824584549157055
423,P423,0.4677055682022403
424,P424,0.9049419742387034
425,P425,0.13759459333953616
426,P426,0.5618814065402826
427,P427,0.27733722275439976
428,P428,0.403294409635519
429,P429,0.05583652095505154
430,P430,0.8659482788932076
431,P431,0.9777737822121334
432,P432,0.4500663784311216
433,P433,0.40987180549290136
434,P434,0.08019674548647604
435,P435,0.8553868231688492
436,P436,0.3166693601718167
437,P437,0.14900703705157214
438,P438,0.46638023088549907
439,P439,0.8576041618163909
440,P440,0.9947958541080383
441,P441,0.39158996698125736
442,P442,0.193604447632438
443,P443,0.5723413151630297
444,P444,0.40899601638451066
445,P445,0.023492442110114475
446,P446,0.28058144421417475
447,P447,0.024946805619496693
448,P448,0.9504778990562933
449,P449,0.7738582777327679
450,P450,0.7274677709983297
451,P451,0.2663259236033282
452,P452,0.3633666213432585
453,P453,0.5299416640865026
454,P454,0.6977091582460168
455,P455,0.9832322698903614
456,P456,0.037487857799989865
457,P457,0.8528928469399968
458,P458,0.9834333881965607
459,P459,0.6859906993533028
460,P460,0.5741478541824847
461,P461,0.9640531010461966
462,P462,0.9871347931470955
463,P463,0.4632686561643947
464,P464,0.2859226738175661
465,P465,0.003751328099106388
466,P466,0.37825183231365644
467,P467,0.7538577446954795
468,P468,0.015375993770740726
469,P469,0.33194974860764737
470,P470,0.9267307300840029
471,P471,0.3244945065357132
472,P472,0.7889887073183405
473,P473,0.3413083938571201
474,P474,0.8647150286093289
475,P475,0.1788796622604496
476,P476,0.05585290280523314
477,P477,0.6111480395556754
478,P478,0.07040453622946985
479,P479,0.6480158071254277
480,P480,0.11760604828875831
481,P481,0.6413399546110785
482,P482,0.27706519505866245
483,P483,0.6617999009272626
484,P484,0.5462648458941597
485,P485,0.8660130381552276
486,P486,0.3970052828358194
487,P487,0.5270274018819638
488,P488,0.34812743092576925
489,P489,0.8040550062115381
490,P490,0.6361158838061801
491,P491,0.6647944257123517
492,P492,0.8158865706647931
493,P493,0.371828976916197
494,P494,0.18003869974979703
495,P495,0.7590909642547888
496,P496,0.3038455090596096
497,P497,0.9120348273315814
498,P498,0.022941130449315783
499,P499,0.8555617622300075
500,P500,0.6538532962739689
501,P501,0.4578509427199503
502,P502,0.6507952307491652
503,P503,0.6478959478579408
504,P504,0.7464551055360691
505,P505,0.698463889549073
506,P506,0.24638108750854426
507,P507,0.9752689824190934
508,P508,0.08908073061921917
509,P509,0.03285187322570493
510,P510,0.7097124121429915
511,P511,0.37857093518881424
512,P512,0.8034531805896289
513,P513,0.28645906944574917
514,P514,0.829794130467101
515,P515,0.09247963444386231
516,P516,0.058072387285044935
517,P517,0.055886965098037145
518,P518,0.2265393974287344
519,P519,0.43488252871498845
520,P520,0.3706128606514205
521,P521,0.6525947848126302
522,P522,0.20283327980460575
523,P523,0.990051108791879
524,P524,0.28063705292316987
525,P525,0.3030032522320335
526,P526,0.8945351442277528
527,P527,0.5734270422028125
528,P528,0.7494780637707245
529,P529,0.8939762939246405
530,P530,0.5255651360808511
531,P531,0.4935903075248941
532,P532,0.7287684194869608
533,P533,0.17327568267560078
534,P534,0.5334726801400411
535,P535,0.59707249514802
536,P536,0.8347999979915309
537,P537,0.6668776513668356
538,P538,0.22613072062458117
539,P539,0.853086326643418
540,P540,0.8249665641043904
541,P541,0.17420100815272777
542,P542,0.46205115380049055
543,P543,0.05107906517189542
544,P544,0.7246124381444449
545,P545,0.37114109718408217
546,P546,0.5130944723704198
547,P547,0.057446685753721805
548,P548,0.32252334916332814
549,P549,0.8366401198036186
550,P550,0.12337824773565031
551,P551,0.6154327097235354
552,P552,0.9745131421399197
553,P553,0.2557648914177917
554,P554,0.36973634716257475
555,P555,0.5090433517594963
556,P556,0.9875333125122917
557,P557,0.028668387239408344
558,P558,0.5523574961476256
559,P559,0.190470506566351
560,P560,0.5592939836100087
561,P561,0.1530312069120069
562,P562,0.37963995298094
563,P563,0.8571232487724599
564,P564,0.5140330215850503
565,P565,0.5539327714307394
566,P566,0.7451234920522238
567,P567,0.3769788447363991
568,P568,0.25408804928875983
569,P569,0.5367748477937949
570,P570,0.4653435046813381
571,P571,0.7719622086534536
572,P572,0.1712254085663072
573,P573,0.8834444159756483
574,P574,0.2768280853412296
575,P575,0.3596145709496382
576,P576,0.04933464095544038
577,P577,0.36246258643956897
578,P578,0.6659167015709762
579,P579,0.8820613284137642
580,P580,0.882164860042464
581,P581,0.8103491035187202
582,P582,0.6313548044910454
583,P583,0.6091010520133016
584,P584,0.8569609951674353
585,P585,0.42453840782228525
586,P586,0.40809157687513364
587,P587,0.4065875515693974
588,P588,0.2053016656512897
589,P589,0.09189179724686614
590,P590,0.09312187865066424
591,P591,0.8669465098329281
592,P592,0.6688200261161337
593,P593,0.8245913330146405
594,P594,0.9690354045597815
595,P595,0.9263483063394573
596,P596,0.7693294631956463
597,P597,0.44352515204049103
598,P598,0.48645884284450336
599,P599,0.3465763231548673
600,P600,0.5325198954263124
601,P601,0.9664133633135219
602,P602,0.07735600542077659
603,P603,0.823239957223922
604,P604,0.9389810966790932
605,P605,0.924014126187615
606,P606,0.01032898110376923
607,P607,0.16980499825798956
608,P608,0.47424401765583213
609,P609,0.004171015920902632
610,P610,0.04492375875214116
611,P611,0.2991705436131229
612,P612,0.6559217947452899
613,P613,0.9947039752541742
614,P614,0.26757633337804465
615,P615,0.7245800463111294
616,P616,0.06469343619578494
617,P617,0.43079496490528957
618,P618,0.8770733839472965
619,P619,0.9610460217537199
620,P620,0.238788378317919
621,P621,0.7353764059934028
622,P622,0.6251191667904143
623,P623,0.7448405367625325
624,P624,0.2385460572946514
625,P625,0.5964808753549237
626,P626,0.42448699245164634
627,P627,0.7927014660745589
628,P628,0.7923437524409441
629,P629,0.3063886741945926
630,P630,0.5126358663480473
631,P631,0.7563691876279904
632,P632,0.24529759517191851
633,P633,0.6645554906852323
634,P634,0.9410944528496568
635,P635,0.8129115166320184
636,P636,0.9833478971998661
637,P637,0.08138005576544971
638,P638,0.5865797348631708
639,P639,0.05793893353165602
640,P640,0.805785721259253
641,P641,0.7766751050590655
642,P642,0.8187900186888009
643,P643,0.32549634824370355
644,P644,0.30991506859337825
645,P645,0.9744129483391281
646,P646,0.37853006789210675
647,P647,0.01222996045845759
648,P648,0.8800391041724199
649,P649,0.37601876131745937
650,P650,0.7878228797017093
651,P651,0.9222933169443287
652,P652,0.41718818623337783
653,P653,0.7128367033736243
654,P654,0.7821407110294193
655,P655,0.4151607253660603
656,P656,0.1061651021505805
657,P657,0.6873646791603555
658,P658,0.08575537507476738
659,P659,0.5953182659886918
660,P660,0.27280515969602226
661,P661,0.7456135403111771
662,P662,0.2884222744798247
663,P663,0.4698546386860959
664,P664,0.40107286967031486
665,P665,0.818231438699712
666,P666,0.14466733713389335
667,P667,0.36684120667047915
668,P668,0.19489162206825383
669,P669,0.2002550903867406
670,P670,0.9624963662522714
671,P671,0.5459680059672714
672,P672,0.06861412771172415
673,P673,0.7629376656611805
674,P674,0.033635735621794116
675,P675,0.9737188682921009
676,P676,0.08338880281802896
677,P677,0.2327391750829586
678,P678,0.4701011253572597
679,P679,0.7554193816979273
680,P680,0.5038887610872083
681,P681,0.02199052778924271
682,P682,0.22165578287486898
683,P683,0.8843146256526965
684,P684,0.46906863979694857
685,P685,0.13193527071947653
686,P686,0.7624938677209748
687,P687,0.4783371555579162
688,P688,0.04075746693075111
689,P689,0.9673586100623275
690,P690,0.1280653934816527
691,P691,0.5990250938034724
692,P692,0.7187689134554642
693,P693,0.7549324613420015
694,P694,0.6874735043571251
695,P695,0.3808301804899693
696,P696,0.01010924620760878
697,P697,0.36415589885614486
698,P698,0.5540484154313976
699,P699,0.29931792790587786
700,P700,0.8841448395075432
701,P701,0.6801826036632997
702,P702,0.04035938425498542
703,P703,0.32529829406004285
704,P704,0.044981495644253355
705,P705,0.6279517065480553
706,P706,0.5787670974135578
707,P707,0.31406873036992966
708,P708,0.5753449526168986
709,P709,0.9984291701781731
710,P710,0.13231482538695527
711,P711,0.49035830507126554
712,P712,0.7806700510948721
713,P713,0.025847566758797846
714,P714,0.785966822740434
715,P715,0.06409725694371615
716,P716,0.6043617310047235
717,P717,0.245437637845487
718,P718,0.3099511192111274
719,P719,0.20897934486769543
720,P720,0.3067374425705739
721,P721,0.6222062531438228
722,P722,0.36646692769596767
723,P723,0.29832627924529587
724,P724,0.23404222620423232
725,P725,0.30996892193738157
726,P726,0.7261073234329966
727,P727,0.5635198131763226
728,P728,0.8931808853820339
729,P729,0.11171185742518208
730,P730,0.5198094648319506
731,P731,0.8509185723761346
732,P732,0.7561850382487824
733,P733,0.5619001782829836
734,P734,0.4329336800968243
735,P735,0.8749984684128139
736,P736,0.5296386883162972
737,P737,0.06075592496833626
738,P738,0.4718554013984012
739,P739,0.7290414599719942
740,P740,0.6983900492407593
741,P741,0.7037427517256419
742,P742,0.07520021390049181
743,P743,0.6923474317445754
744,P744,0.3347852401491964
745,P745,0.4650851039608288
746,P746,0.5830634453086964
747,P747,0.9598224008509331
748,P748,0.2640034334088225
749,P749,0.5606192713140582
750,P750,0.07623501117683695
751,P751,0.15635863932006822
752,P752,0.5439288935017975
753,P753,0.32523743308780495
754,P754,0.8588329159223368
755,P755,0.8831595400779302
756,P756,0.3755735091950002
757,P757,0.8874507257165064
758,P758,0.8769001571771144
759,P759,0.9838416335996438
760,P760,0.08532944180246416
761,P761,0.08930767857579114
762,P762,0.5548494436617223
763,P763,0.9187668878535825
764,P764,0.1015462097298867
765,P765,0.0689910092320365
766,P766,0.7640848204478028
767,P767,0.8669521199839968
768,P768,0.8272595763594279
769,P769,0.9793989101288427
770,P770,0.4039595112935589
771,P771,0.4760094110858387
772,P772,0.09847239680654407
773,P773,0.5633054807366502
774,P774,0.2748878463069916
775,P775,0.33467471116805025
776,P776,0.013563600576802948
777,P777,0.8224506997788822
778,P778,0.16797362646129532
779,P779,0.814952072330462
780,P780,0.017891873374923484
781,P781,0.6782739897848025
782,P782,0.10996003848081404
783,P783,0.25880169275362885
784,P784,0.6154336293787913
785,P785,0.36850713974106486
786,P786,0.4986482858910033
787,P787,0.06126581529279529
788,P788,0.47482732438267505
789,P789,0.14703143735530766
790,P790,0.8147071810349239
791,P791,0.7649427979619857
792,P792,0.7864667328593425
793,P793,0.5705374321083425
794,P794,0.1516243271930211
795,P795,0.9394642902532518
796,P796,0.39732919683818446
797,P797,0.2203199678074158
798,P798,0.7618400048954128
799,P799,0.1541400226568681
800,P800,0.09037322370188372
801,P801,0.46272578278168397
802,P802,0.42592682737011234
803,P803,0.009129752857719775
804,P804,0.5967105805752508
805,P805,0.3815003587649317
806,P806,0.8329221840962424
807,P807,0.05088667255337387
808,P808,0.6195269090626386
809,P809,0.3997049363286391
810,P810,0.1257773594199283
811,P811,0.0821432444868917
812,P812,0.9833925938456055
813,P813,0.5876633559313065
814,P814,0.9882321711816594
815,P815,0.8982545809401032
816,P816,0.5058994160367241
817,P817,0.4227008739728455
818,P818,0.7703265184922146
819,P819,0.7428439969936966
820,P820,0.521109627349491
821,P821,0.9242305854243857
822,P822,0.46174799210414297
823,P823,0.01588316952848312
824,P824,0.9191849412467098
825,P825,0.8604602712928778
826,P826,0.6013072289568082
827,P827,0.7101021120015787
828,P828,0.3320460785741933
829,P829,0.9880706346893456
830,P830,0.16621738285192
831,P831,0.4578093282721444
832,P832,0.40884584915165034
833,P833,0.8333434570015972
834,P834,0.3870518758809651
835,P835,0.2112608641392264
836,P836,0.06551383734414773
837,P837,0.33235594500377963
838,P838,0.5853172473395883
839,P839,0.6121038531420898
840,P840,0.19079641447840479
841,P841,0.987695550471136
842,P842,0.34268326146266337
843,P843,0.8924881416314806
844,P844,0.041414991842457116
845,P845,0.9511802099056365
846,P846,0.8208251638746439
847,P847,0.9878394419640841
848,P848,0.011768098806442806
849,P849,0.27107684087035966
850,P850,0.3762770050018237
851,P851,0.5737080292594644
852,P852,0.9519511790675069
853,P853,0.8912772297738106
854,P854,0.3239382631635527
855,P855,0.7442773603927282
856,P856,0.9530466075453325
857,P857,0.039927095338431084
858,P858,0.8782722128091286
859,P859,0.15745775251612137
860,P860,0.9707721982155598
861,P861,0.4610601120427551
862,P862,0.2851574220405674
863,P863,0.2882560518364389
864,P864,0.3929769387581472
865,P865,0.8320666106796101
866,P866,0.6722077103077755
867,P867,0.5833860577397452
868,P868,0.39497665814347127
869,P869,0.004044151923730532
870,P870,0.5323994216470768
871,P871,0.5138048328622844
872,P872,0.8282730124851264
873,P873,0.5692023092665969
874,P874,0.8768410897385438
875,P875,0.3510994182249806
876,P876,0.6087598475310206
877,P877,0.8822255261203696
878,P878,0.19776180483700556
879,P879,0.9276066102822565
880,P880,0.04291291347736914
881,P881,0.6980144646678771
882,P882,0.8634522650464587
883,P883,0.2812974217451999
884,P884,0.2650881616962001
885,P885,0.09222339110499622
886,P886,0.8929036298088697
887,P887,0.17713089147976524
888,P888,0.21974704437354398
889,P889,0.5355970090752173
890,P890,0.2894889820916847
891,P891,0.1437280717092756
892,P892,0.40723721005825886
893,P893,0.12561433533607114
894,P894,0.8022625213442423
895,P895,0.996966754469119
896,P896,0.8433040344269647
897,P897,0.33462186239882574
898,P898,0.08370830722834222
899,P899,0.49323528277765405
900,P900,0.8481983758604511
901,P901,0.24631754456789867
902,P902,0.3779900637937811
903,P903,0.8311120176242267
904,P904,0.08691988712504739
905,P905,0.7131521328896749
906,P906,0.5122817923388455
907,P907,0.23651593531779658
908,P908,0.6011121066905669
909,P909,0.33529090027981445
910,P910,0.7055888483665791
911,P911,0.17743023689797344
912,P912,0.9565035283130875
913,P913,0.8459301599876304
914,P914,0.16145318555233934
915,P915,0.1275777339568751
916,P916,0.4513987918665163
917,P917,0.8253907569802331
918,P918,0.5997029360197854
919,P919,0.7968956232745704
920,P920,0.4499243584885503
921,P921,0.6656501866604203
922,P922,0.804412213079411
923,P923,0.8481416569560345
924,P924,0.5888158278544324
925,P925,0.5078083031844186
926,P926,0.8164061634212708
927,P927,0.735474290359579
928,P928,0.027531079536635472
929,P929,0.41113057496260097
930,P930,0.4156333318021277
931,P931,0.6137978787270132
932,P932,0.2528249569956712
933,P933,0.4479994617173356
934,P934,0.3563930519807401
935,P935,0.264403849782323
936,P936,0.6849181162589693
937,P937,0.49131843227869965
938,P938,0.8169224605861057
939,P939,0.060919273867534485
940,P940,0.00823180964326542
941,P941,0.8404419379666176
942,P942,0.293158113210769
943,P943,0.9432910147041501
944,P944,0.09593064499818194
945,P945,0.7866531660713594
946,P946,0.37680181063464036
947,P947,0.3035962953034045
948,P948,0.5613427961240169
949,P949,0.19690293268264847
950,P950,0.9517335821148296
951,P951,0.07197236917686145
952,P952,0.6042377736775836
953,P953,0.6011817842383439
954,P954,0.8519183135741221
955,P955,0.07101280518316078
956,P956,0.5798075453401823
957,P957,0.43101964646547275
958,P958,0.25202793809016755
959,P959,0.8151091039421076
960,P960,0.8627900522137482
961,P961,0.36526028722578163
962,P962,0.6030603088639291
963,P963,0.5673231162935704
964,P964,0.42848928327550984
965,P965,0.36510195034674864
966,P966,0.4794326691280516
967,P967,0.05465145281987405
968,P968,0.09327671094027534
969,P969,0.26571192624584583
970,P970,0.5633964656555461
971,P971,0.39843763875606186
972,P972,0.9793298017595267
973,P973,0.36409278505190434
974,P974,0.5395234308764691
975,P975,0.3870078975673923
976,P976,0.16491071710908112
977,P977,0.8731689147002081
978,P978,0.2875943953374135
979,P979,0.47803156881957976
980,P980,0.705023508557596
981,P981,0.08945475960606986
982,P982,0.5977447170410849
983,P983,0.4565738124340466
984,P984,0.12887837917904477
985,P985,0.17010879342725682
986,P986,0.17366555371195047
987,P987,0.6227150973088637
988,P988,0.4308243644683737
989,P989,0.280759027527112
990,P990,0.32817918143406977
991,P991,0.1898470507448139
992,P992,0.396129045389926
993,P993,0.9811253243421709
994,P994,0.22636006007752352
995,P995,0.8030019496003528
996,P996,0.6048051113876478
997,P997,0.16082605027627672
998,P998,0.6684411688587916
999,P999,0.26434218525367104
1000,P1000,0.5692030338251868
1001,P1001,0.30858419460789455
1002,P1002,0.7441407232988021
1003,P1003,0.26091988556699997
1004,P1004,0.14240448849205156
1005,P1005,0.7882715585088486
1006,P1006,0.8429781796982457
1007,P1007,0.18769038096502266
1008,P1008,0.5284950708438444
1009,P1009,0.004130589744246738
1010,P1010,0.7005197004546244
1011,P1011,0.3602281987719316
1012,P1012,0.6799479796823312
1013,P1013,0.3378599418524567
1014,P1014,0.2835868195621166
1015,P1015,0.19666311771424716
1016,P1016,0.000732536797396155
1017,P1017,0.36176949098992195
1018,P1018,0.4502934348476276
1019,P1019,0.15626021326023265
1020,P1020,0.12890473537141278
1021,P1021,0.5233913866644411
1022,P1022,0.23886830659802494
1023,P1023,0.8291412212524651
1024,P1024,0.2464319299525055
1025,P1025,0.3055480937492234
1026,P1026,0.7795449103283438
1027,P1027,0.4601213768100032
1028,P1028,0.9745859080540157
1029,P1029,0.8742187211038336
1030,P1030,0.13361481925414365
1031,P1031,0.32864746023241054
1032,P1032,0.7154001805208253
1033,P1033,0.7760980003891716
1034,P1034,0.07966533144090504
1035,P1035,0.28021192960613717
1036,P1036,0.669626508692913
1037,P1037,0.13732616407126064
1038,P1038,0.3601732380083881
1039,P1039,0.7788202941215583
1040,P1040,0.5111771662757729
1041,P1041,0.1390751013380438
1042,P1042,0.5756881939966861
1043,P1043,0.7554434104123425
1044,P1044,0.9168854213916364
1045,P1045,0.5686030040999124
1046,P1046,0.21094219149456783
1047,P1047,0.6109566920463295
1048,P1048,0.19424983941783336
1049,P1049,0.8319505809181176
1050,P1050,0.5110045531905708
1051,P1051,0.38547222056171815
1052,P1052,0.4971502005314633
1053,P1053,0.06487351229106098
1054,P1054,0.6721043235407758
1055,P1055,0.3546984781816127
1056,P1056,0.7344422021699
1057,P1057,0.27076907808997164
1058,P1058,0.18234399725573158
1059,P1059,0.876781165702133
1060,P1060,0.33366075244051296
1061,P1061,0.6146254021680018
1062,P1062,0.7852018423524582
1063,P1063,0.8967528449900025
1064,P1064,0.06744485383187449
1065,P1065,0.32184899598199
1066,P1066,0.7183684907264851
1067,P1067,0.8926357378895802
1068,P1068,0.2134951596536825
1069,P1069,0.9155727916433585
1070,P1070,0.21885380628743978
1071,P1071,0.45629914257648874
1072,P1072,0.6387554270503335
1073,P1073,0.9377595429807849
1074,P1074,0.9413669574223054
1075,P1075,0.18154327953497018
1076,P1076,0.9566292171788503
1077,P1077,0.3660568453438967
1078,P1078,0.17705862112998938
1079,P1079,0.431806443806361
1080,P1080,0.5530238976333691
1081,P1081,0.13648340158056005
1082,P1082,0.10546227647117945
1083,P1083,0.7989820439339309
1084,P1084,0.25855481434233174
1085,P1085,0.043281341693996556
1086,P1086,0.5599589651500863
1087,P1087,0.19911885110614025
1088,P1088,0.7942546624163508
1089,P1089,0.5951757780338828
1090,P1090,0.6572556668931494
1091,P1091,0.7704617245481532
1092,P1092,0.6625207922531793
1093,P1093,0.014159432778600878
1094,P1094,0.6846775944983844
1095,P1095,0.2895572179319432
1096,P1096,0.12847460351131934
1097,P1097,0.8890979197857434
1098,P1098,0.8037261726948741
1099,P1099,0.14855274826623477
1100,P1100,0.7694506604547967
1101,P1101,0.5755840071907519
1102,P1102,0.8384412349018593
1103,P1103,0.02601686528379632
1104,P1104,0.11957971458171801
1105,P1105,0.5181434376152528
1106,P1106,0.9868977101886274
1107,P1107,0.05948425295549142
1108,P1108,0.8561518199189138
1109,P1109,0.17079266719628217
1110,P1110,0.7576275181871353
1111,P1111,0.9288870410254731
1112,P1112,0.3396542992835683
1113,P1113,0.987194714940097
1114,P1114,0.27958100383285867
1115,P1115,0.4471771894151423
1116,P1116,0.040406763660694955
1117,P1117,0.8707131229231999
1118,P1118,0.035032582070330776
1119,P1119,0.3559998770599112
1120,P1120,0.3697663460421222
1121,P1121,0.7402767387340435
1122,P1122,0.8981816484370423
1123,P1123,0.6331320041478024
1124,P1124,0.8314211286104484
1125,P1125,0.5237922172143282
1126,P1126,0.41041218518683875
1127,P1127,0.07817152745130629
1128,P1128,0.834971343229455
1129,P1129,0.4676677326488472
1130,P1130,0.520452150943474
1131,P1131,0.04148504510722195
1132,P1132,0.7310114292352958
1133,P1133,0.13180390619996962
1134,P1134,0.5255419246277144
1135,P1135,0.4662142381725414
1136,P1136,0.7951422297934398
1137,P1137,0.05202497813080831
1138,P1138,0.48928745357005377
1139,P1139,0.5509772337995035
1140,P1140,0.4035707044166933
1141,P1141,0.4864300428440407
1142,P1142,0.048019248404398085
1143,P1143,0.24690398160303262
1144,P1144,0.8869668827243316
1145,P1145,0.5365618939906105
1146,P1146,0.46162524424530615
1147,P1147,0.058557374804939166
1148,P1148,0.3551111763194581
1149,P1149,0.6677994019537625
1150,P1150,0.3649974073164416
1151,P1151,0.10428211077426897
1152,P1152,0.28346063781177755
1153,P1153,0.8788701392598288
1154,P1154,0.7061833600234937
1155,P1155,0.7172702011765143
1156,P1156,0.1651601090207746
1157,P1157,0.9408604035260907
1158,P1158,0.8290203705115288
1159,P1159,0.042696231061801426
1160,P1160,0.22437094733860397
1161,P1161,0.7306757099749298
1162,P1162,0.38302644059642843
1163,P1163,0.05892003681522351
1164,P1164,0.21447497520357772
1165,P1165,0.8044042592588201
1166,P1166,0.9049477440885895
1167,P1167,0.696016081437786
1168,P1168,0.00995304831774968
1169,P1169,0.6273471162380997
1170,P1170,0.26501917745481884
1171,P1171,0.6056932285207179
1172,P1172,0.23100509905960742
1173,P1173,0.24813671373082014
1174,P1174,0.7754922160718782
1175,P1175,0.9791844956259514
1176,P1176,0.5419720546784261
1177,P1177,0.6223262490708522
1178,P1178,0.9940535537640697
1179,P1179,0.5197317858218357
1180,P1180,0.3993073003136003
1181,P1181,0.5679793858524973
1182,P1182,0.2331064723049857
1183,P1183,0.7603985140063718
1184,P1184,0.40321445323563865
1185,P1185,0.9446911536724919
1186,P1186,0.8922450474843578
1187,P1187,0.22552894881958307
1188,P1188,0.023274922290002165
1189,P1189,0.19587875204263405
1190,P1190,0.9353395503318767
1191,P1191,0.21394011307827798
1192,P1192,0.7052451968961779
1193,P1193,0.8057099103276176
1194,P1194,0.17773424607859456
1195,P1195,0.6768164985368534
1196,P1196,0.19823396840352858
1197,P1197,0.0788955154420039
1198,P1198,0.12445793948920958
1199,P1199,0.644188081068884
1200,P1200,0.4255902899791155
1201,P1201,0.3430739713456915
1202,P1202,0.22245908573262252
1203,P1203,0.720901933067551
1204,P1204,0.1497014956999021
1205,P1205,0.08724010711292673
1206,P1206,0.7039069677084377
1207,P1207,0.5421372964808072
1208,P1208,0.7108390782394075
1209,P1209,0.16593586830787932
1210,P1210,0.9037585010675974
1211,P1211,0.640242699081652
1212,P1212,0.7094307158004906
1213,P1213,0.4760464176292444
1214,P1214,0.9389395168896827
1215,P1215,0.6281399323638793
1216,P1216,0.7077770286810431
1217,P1217,0.6545908462085633
1218,P1218,0.7578650735468668
1219,P1219,0.5946445702986608
1220,P1220,0.3227633452792896
1221,P1221,0.5266718836359994
1222,P1222,0.5856373824945117
1223,P1223,0.8872720910680965
1224,P1224,0.7873877711891432
1225,P1225,0.2962481073517579
1226,P1226,0.8332392083568905
1227,P1227,0.1586635976214632
1228,P1228,0.904066230447268
1229,P1229,0.31111322352009196
1230,P1230,0.8962486777942316
1231,P1231,0.7884206241435371
1232,P1232,0.4200943569453609
1233,P1233,0.5664747878095037
1234,P1234,0.8374493623708043
1235,P1235,0.28771610306282347
1236,P1236,0.5347242918042445
1237,P1237,0.05567721518255342
1238,P1238,0.5032436381421759
1239,P1239,0.07776740851948505
1240,P1240,0.925273079081079
1241,P1241,0.32453318516208296
1242,P1242,0.24637279291858738
1243,P1243,0.6073634602076767
1244,P1244,0.8226918404505446
1245,P1245,0.2480891856684344
1246,P1246,0.4464776101648138
1247,P1247,0.20326114468974932
1248,P1248,0.2566436055837733
1249,P1249,0.7435081983280366
1250,P1250,0.41832207753856687
1251,P1251,0.9802330168461691
1252,P1252,0.1427381605554543
1253,P1253,0.9967086508936811
1254,P1254,0.3950319845626079
1255,P1255,0.2950086425897528
1256,P1256,0.6732570023025252
1257,P1257,0.2717004312780763
1258,P1258,0.07773761124227785
1259,P1259,0.6492849857104322
1260,P1260,0.37955087995193615
1261,P1261,0.26825626456498786
1262,P1262,0.905240038130632
1263,P1263,0.40694416071980233
1264,P1264,0.21589446010028335
1265,P1265,0.06905123117054379
1266,P1266,0.09147401360578611
1267,P1267,0.7127444956702489
1268,P1268,0.5187614483865436
1269,P1269,0.854225896727503
1270,P1270,0.5551620592466326
1271,P1271,0.8821036961055977
1272,P1272,0.34029367891813567
1273,P1273,0.2116264650737808
1274,P1274,0.45947690695373855
1275,P1275,0.6689350793762415
1276,P1276,0.5171224156117074
1277,P1277,0.07946416957149871
1278,P1278,0.741372779968555
1279,P1279,0.054360025894080066
1280,P1280,0.26675184784113537
1281,P1281,0.4893628401660055
1282,P1282,0.8286023070801852
1283,P1283,0.5981806442390085
1284,P1284,0.6717231851154004
1285,P1285,0.8308132666508552
1286,P1286,0.24992093325422238
1287,P1287,0.8106198528162967
1288,P1288,0.960131769342406
1289,P1289,0.6859671185773049
1290,P1290,0.1277911321734334
1291,P1291,0.8383020308225769
1292,P1292,0.7402671581883711
1293,P1293,0.44019502047353853
1294,P1294,0.297630928693118
1295,P1295,0.0646244549652839
1296,P1296,0.1857565437354587
1297,P1297,0.8425478339531602
1298,P1298,0.420172203461066
1299,P1299,0.04090330452224644
1300,P1300,0.10532403355954012
1301,P1301,0.9561968227718886
1302,P1302,0.9678219064129328
1303,P1303,0.29780549931587075
1304,P1304,0.7700353454325649
1305,P1305,0.3595338590436248
1306,P1306,0.26135669335679446
1307,P1307,0.4752614260774951
1308,P1308,0.20661884918667128
1309,P1309,0.8165667901293315
1310,P1310,0.7815720014419825
1311,P1311,0.5888572318227491
1312,P1312,0.43776396103977655
1313,P1313,0.5242082943568346
1314,P1314,0.27133737075722975
1315,P1315,0.8313182685341025
1316,P1316,0.6614987346882583
1317,P1317,0.2097104278523797
1318,P1318,0.44983034512707487
1319,P1319,0.9615456513732549
1320,P1320,0.7247253857357896
1321,P1321,0.0009760798252634872
1322,P1322,0.8746986821643661
1323,P1323,0.3362036648448381
1324,P1324,0.7914654842100094
1325,P1325,0.8881244347233431
1326,P1326,0.977978266290392
1327,P1327,0.2892107463025173
1328,P1328,0.047822885711647944
1329,P1329,0.9301655768272361
1330,P1330,0.9010775140333989
1331,P1331,0.5946317765887821
1332,P1332,0.17880930010748242
1333,P1333,0.5623941637582445
1334,P1334,0.733423607229454
1335,P1335,0.6536903086711717
1336,P1336,0.07880374867180373
1337,P1337,0.11872168537763683
1338,P1338,0.7983958555330886
1339,P1339,0.22874991917093757
1340,P1340,0.5607452783999579
1341,P1341,0.267847733146221
1342,P1342,0.6766540993599952
1343,P1343,0.458607490895776
1344,P1344,0.5610640756001194
1345,P1345,0.7170020938752167
1346,P1346,0.9248340378420329
1347,P1347,0.33714057240896245
1348,P1348,0.8808561155678994
1349,P1349,0.36093543595496014
1350,P1350,0.7743008757225671
1351,P1351,0.06845886803099266
1352,P1352,0.645442185184702
1353,P1353,0.8490176858642636
1354,P1354,0.11907559641321441
1355,P1355,0.16783586374571746
1356,P1356,0.04593203313011818
1357,P1357,0.6882079893988031
1358,P1358,0.21066554860127107
1359,P1359,0.399676956392933
1360,P1360,0.5673628392292789
1361,P1361,0.08739694968249523
1362,P1362,0.7701632556156283
1363,P1363,0.9306224211697972
1364,P1364,0.1894470029698868
1365,P1365,0.9692821201264095
1366,P1366,0.3209083877065182
1367,P1367,0.18657636570127467
1368,P1368,0.7377007063227061
1369,P1369,0.8284407100662999
1370,P1370,0.9667750278103745
1371,P1371,0.9141462631742486
1372,P1372,0.7333745230644564
1373,P1373,0.25404506545368455
1374,P1374,0.8426037697656454
1375,P1375,0.16950209118295134
1376,P1376,0.8440896493485607
1377,P1377,0.0511688755422709
1378,P1378,0.13563165975713498
1379,P1379,0.10125808084451549
1380,P1380,0.9624153422049891
1381,P1381,0.025767585433333906
1382,P1382,0.36607978678530806
1383,P1383,0.1291754790658194
1384,P1384,0.13991505925548797
1385,P1385,0.20111293692933463
1386,P1386,0.44987693541491147
1387,P1387,0.8616504454904083
1388,P1388,0.35748914117609387
1389,P1389,0.5473017547859019
1390,P1390,0.209969680942365
1391,P1391,0.7673017394447413
1392,P1392,0.948484419508792
1393,P1393,0.5982938679415332
1394,P1394,0.0693104303736245
1395,P1395,0.1692356107792582
1396,P1396,0.6937772431633077
1397,P1397,0.29737607001313715
1398,P1398,0.7029369375544371
1399,P1399,0.7597493694554689
1400,P1400,0.21896659459972057
1401,P1401,0.00908292506949715
1402,P1402,0.008710070091341726
1403,P1403,0.3785770412172602
1404,P1404,0.14778839305410785
1405,P1405,0.47444527740704023
1406,P1406,0.13984970663829888
1407,P1407,0.9622760414897054
1408,P1408,0.34286486778680036
1409,P1409,0.047749802978021894
1410,P1410,0.06258504104548102
1411,P1411,0.6271653530270951
1412,P1412,0.1620906854051909
1413,P1413,0.4247609264245451
1414,P1414,0.08708651498608122
1415,P1415,0.9628809805135565
1416,P1416,0.6722493494948937
1417,P1417,0.6689988838914039
1418,P1418,0.37221907486537
1419,P1419,0.07661508267913753
1420,P1420,0.7279650503188906
1421,P1421,0.1264813451740664
1422,P1422,0.9763630795266557
1423,P1423,0.20781410881660034
1424,P1424,0.020136225684580622
1425,P1425,0.5204678534615472
1426,P1426,0.992588093378066
1427,P1427,0.5879789935488774
1428,P1428,0.9886023743384316
1429,P1429,0.19505451223900283
1430,P1430,0.9074501492965258
1431,P1431,0.8492298783528078
1432,P1432,0.15398959041149052
1433,P1433,0.2992807737626777
1434,P1434,0.9122635618109036
1435,P1435,0.7351797598374373
1436,P1436,0.9109555764485961
1437,P1437,0.43151390464032746
1438,P1438,0.11966123152193187
1439,P1439,0.15788376881378063
1440,P1440,0.28859301199573917
1441,P1441,0.662656776604238
1442,P1442,0.41038388680846527
1443,P1443,0.7331371677805555
1444,P1444,0.9809154722876359
1445,P1445,0.721194187151819
1446,P1446,0.19308309946488134
1447,P1447,0.5958107881765211
1448,P1448,0.8158829050303807
1449,P1449,0.7425235407630051
1450,P1450,0.8111959179007564
1451,P1451,0.9304824764331
1452,P1452,0.7567713378816984
1453,P1453,0.20652440335398903
1454,P1454,0.5823888354692788
1455,P1455,0.8834335934221647
1456,P1456,0.49661910365529605
1457,P1457,0.41548337454299855
1458,P1458,0.6641407618463512
1459,P1459,0.002334204350234792
1460,P1460,0.8839900712634396
1461,P1461,0.995007916465141
1462,P1462,0.16511410745475186
1463,P1463,0.4099581450793748
1464,P1464,0.9508754372392966
1465,P1465,0.4179830868814436
1466,P1466,0.18280431191434443
1467,P1467,0.814143583489736
1468,P1468,0.6416184957283504
1469,P1469,0.7578753626379083
1470,P1470,0.5785329790237689
1471,P1471,0.38948195165559185
1472,P1472,0.018860431978183656
1473,P1473,0.26216426577638297
1474,P1474,0.8354751601418161
1475,P1475,0.04580670805205722
1476,P1476,0.9195056680927723
1477,P1477,0.6416646149319557
1478,P1478,0.946101131102076
1479,P1479,0.4116631682996903
1480,P1480,0.2567980635699887
1481,P1481,0.9356061127296544
1482,P1482,0.10230109477106153
1483,P1483,0.7678515150787277
1484,P1484,0.06078959108791204
1485,P1485,0.7653640182376954
1486,P1486,0.4230639985905037
1487,P1487,0.3240201546203111
1488,P1488,0.580793281454135
1489,P1489,0.5329838544727832
1490,P1490,0.8909936850341605
1491,P1491,0.7104407659484402
1492,P1492,0.3414584368275334
1493,P1493,0.3606659280194654
1494,P1494,0.5780121954937913
1495,P1495,0.7667069241920118
1496,P1496,0.8245166646158082
1497,P1497,0.03440650464683015
1498,P1498,0.4622501716003573
1499,P1499,0.23597069523509184
1500,P1500,0.897798833848408
1501,P1501,0.8836640722938226
1502,P1502,0.7674253654227429
1503,P1503,0.4983409887537663
1504,P1504,0.8276824720951895
1505,P1505,0.3305118120325856
1506,P1506,0.49074577529260577
1507,P1507,0.7254692169167093
1508,P1508,0.7661040147440825
1509,P1509,0.14126105990518356
1510,P1510,0.8601314272986402
1511,P1511,0.5583423215007964
1512,P1512,0.4476238318166761
1513,P1513,0.3440970961510933
1514,P1514,0.8597920743491612
1515,P1515,0.245150135300365
1516,P1516,0.5790610527031594
1517,P1517,0.913697989708805
1518,P1518,0.5171689660322795
1519,P1519,0.9777034675982488
1520,P1520,0.3740871060033806
1521,P1521,0.3809568027139034
1522,P1522,0.3639040141897464
1523,P1523,0.008588079604080257
1524,P1524,0.23665842978714136
1525,P1525,0.6774007009021606
1526,P1526,0.3775264780381834
1527,P1527,0.30258730266936495
1528,P1528,0.5942692571863444
1529,P1529,0.3056054725433337
1530,P1530,0.958397426306989
1531,P1531,0.7609408616423272
1532,P1532,0.8324965042445182
1533,P1533,0.024224944159794926
1534,P1534,0.8739942636514924
1535,P1535,0.40027824778407683
1536,P1536,0.8214026971553532
1537,P1537,0.33383726937646274
1538,P1538,0.17027793112924194
1539,P1539,0.9330835155551847
1540,P1540,0.9259634368942701
1541,P1541,0.6690672724939396
1542,P1542,0.46723869619002467
1543,P1543,0.8633413123051675
1544,P1544,0.9672043785620118
1545,P1545,0.7869421187649829
1546,P1546,0.3103910212285964
1547,P1547,0.6138685428278658
1548,P1548,0.9643085625484259
1549,P1549,0.3382015214704459
1550,P1550,0.4391772095542844
1551,P1551,0.6270674889649237
1552,P1552,0.3170752372741419
1553,P1553,0.7097202928039109
1554,P1554,0.20447613810681464
1555,P1555,0.8660879924114069
1556,P1556,0.18020121708215497
1557,P1557,0.8553077300558464
1558,P1558,0.39453640299645076
1559,P1559,0.06445337187097255
1560,P1560,0.9653247474234058
1561,P1561,0.9492043308286642
1562,P1562,0.28863593438211166
1563,P1563,0.9504222852662073
1564,P1564,0.6902379338669955
1565,P1565,0.11787036499093229
1566,P1566,0.7983288841979418
1567,P1567,0.11349671535876349
1568,P1568,0.5213832668402919
1569,P1569,0.5427076550903612
1570,P1570,0.5717808321147053
1571,P1571,0.40791439626824944
1572,P1572,0.45642475198370247
1573,P1573,0.12432450971073405
1574,P1574,0.75306707306157
1575,P1575,0.49024816625800594
1576,P1576,0.9427860745343235
1577,P1577,0.22142262707596327
1578,P1578,0.5942056845252032
1579,P1579,0.47088414398991096
1580,P1580,0.17286736754306753
1581,P1581,0.35593094585245166
1582,P1582,0.6367416594324627
1583,P1583,0.4662333451231355
1584,P1584,0.47748792450840294
1585,P1585,0.008806307416062586
1586,P1586,0.7292145236902594
1587,P1587,0.27999177701041644
1588,P1588,0.7330288489422291
1589,P1589,0.9200542359377529
1590,P1590,0.36359096605057395
1591,P1591,0.14971852762906224
1592,P1592,0.4224214996928366
1593,P1593,0.35231984165990493
1594,P1594,0.7963763964064218
1595,P1595,0.253899774917683
1596,P1596,0.6046659760242111
1597,P1597,0.43088829515617233
1598,P1598,0.6358466170839647
1599,P1599,0.9907506094575536
1600,P1600,0.7430504456597989
1601,P1601,0.04760646788928402
1602,P1602,0.6538484936069947
1603,P1603,0.9113318887905604
1604,P1604,0.753463095709236
1605,P1605,0.42045061402467965
1606,P1606,0.4010787537198591
1607,P1607,0.2538284267012253
1608,P1608,0.1746241652785333
1609,P1609,0.2704385772615353
1610,P1610,0.31010413517787494
1611,P1611,0.674251403724458
1612,P1612,0.2649131844075615
1613,P1613,0.8424601151713794
1614,P1614,0.1264535738896796
1615,P1615,0.8481205342971515
1616,P1616,0.8181972786357494
1617,P1617,0.15976543772779928
1618,P1618,0.8126918905124333
1619,P1619,0.18750875570489955
1620,P1620,0.050187676995431474
1621,P1621,0.5088892794455869
1622,P1622,0.3189842637279502
1623,P1623,0.9854582072230036
1624,P1624,0.38072298871915733
1625,P1625,0.46634446420247466
1626,P1626,0.09732777143499138
1627,P1627,0.78267143210143
1628,P1628,0.1789067400071449
1629,P1629,0.6556504717371429
1630,P1630,0.3254806521481497
1631,P1631,0.5387082969687104
1632,P1632,0.5433193976944777
1633,P1633,0.4098965520308556
1634,P1634,0.9061409973393244
1635,P1635,0.6518487209474443
1636,P1636,0.7071965829492858
1637,P1637,0.6028127721538311
1638,P1638,0.9017792980776306
1639,P1639,0.40865713821470695
1640,P1640,0.3780484164876343
1641,P1641,0.31731884119018317
1642,P1642,0.7593683535282826
1643,P1643,0.012067487023966428
1644,P1644,0.7925816127252735
1645,P1645,0.06706107184429011
1646,P1646,0.9942071198173122
1647,P1647,0.32364054315358315
1648,P1648,0.42276765481098055
1649,P1649,0.09082102190501973
1650,P1650,0.841413416540601
1651,P1651,0.584778962411663
1652,P1652,0.5939381441836827
1653,P1653,0.8802740057984261
1654,P1654,0.7809150935099478
1655,P1655,0.884102802703638
1656,P1656,0.059994992185626206
1657,P1657,0.7664959295023113
1658,P1658,0.8363510178477304
1659,P1659,0.941784993342853
1660,P1660,0.58085898813413
1661,P1661,0.8008742912648704
1662,P1662,0.5385521460555398
1663,P1663,0.8278735098550061
1664,P1664,0.8377201487277769
1665,P1665,0.06872657072595767
1666,P1666,0.2064661670748762
1667,P1667,0.875562520826632
1668,P1668,0.40085688553292287
1669,P1669,0.5797923537338129
1670,P1670,0.4607307177579133
1671,P1671,0.2619844246894345
1672,P1672,0.7467202340289862
1673,P1673,0.7544984892815806
1674,P1674,0.5816017256593408
1675,P1675,0.4789363625286267
1676,P1676,0.4390495793024055
1677,P1677,0.7559892842129197
1678,P1678,0.8331705184348822
1679,P1679,0.5835087564131586
1680,P1680,0.1803712045958753
1681,P1681,0.12666382124902642
1682,P1682,0.4312092284407044
1683,P1683,0.915214504192235
1684,P1684,0.6403003215402007
1685,P1685,0.7527399577336362
1686,P1686,0.6901347285169228
1687,P1687,0.15403008258206274
1688,P1688,0.7493623243520461
1689,P1689,0.22655957998817133
1690,P1690,0.553327271692433
1691,P1691,0.10118504910156112
1692,P1692,0.8936215207510532
1693,P1693,0.03265588563029054
1694,P1694,0.9084421222299269
1695,P1695,0.21723766260450617
1696,P1696,0.23694132228462828
1697,P1697,0.8945485912976457
1698,P1698,0.34992907902013415
1699,P1699,0.06952156148109823
1700,P1700,0.8068536217901594
1701,P1701,0.4707173632998476
1702,P1702,0.5622350606738238
1703,P1703,0.5400900728729096
1704,P1704,0.7147995507225163
1705,P1705,0.2373150346295736
1706,P1706,0.981085670673667
1707,P1707,0.913678125688312
1708,P1708,0.9902448466873802
1709,P1709,0.5108497565388986
1710,P1710,0.014217838293423046
1711,P1711,0.12671574042811506
1712,P1712,0.5236226735763365
1713,P1713,0.9954929823891393
1714,P1714,0.047481746048117945
1715,P1715,0.2742434362220617
1716,P1716,0.6238481801058928
1717,P1717,0.3660903350185323
1718,P1718,0.9628371378561211
1719,P1719,0.6768196504706078
1720,P1720,0.6626895559626121
1721,P1721,0.14575617372610095
1722,P1722,0.4733605919663496
1723,P1723,0.244785889245155
1724,P1724,0.2339189074321144
1725,P1725,0.4520234794995408
1726,P1726,0.7654287678873732
1727,P1727,0.810608476017998
1728,P1728,0.23587015138329503
1729,P1729,0.2431222640369396
1730,P1730,0.6155571656923354
1731,P1731,0.3646121846556378
1732,P1732,0.7095118606842142
1733,P1733,0.9423600208756858
1734,P1734,0.8387904008419077
1735,P1735,0.9997226915355827
1736,P1736,0.7423893831841683
1737,P1737,0.7500911218441303
1738,P1738,0.8345200063922841
1739,P1739,0.34443483284222165
1740,P1740,0.16988258795185518
1741,P1741,0.1175013561895818
1742,P1742,0.8449348998035123
1743,P1743,0.17731325571467782
1744,P1744,0.14275885762168028
1745,P1745,0.5323328403748241
1746,P1746,0.32717968791828966
1747,P1747,0.13993746234813975
1748,P1748,0.3104389050288673
1749,P1749,0.549774732488647
1750,P1750,0.6415277523599685
1751,P1751,0.514865448892935
1752,P1752,0.661112641285821
1753,P1753,0.3203736611099872
1754,P1754,0.3829103415786811
1755,P1755,0.48966253096719803
1756,P1756,0.6734644281860025
1757,P1757,0.8265836522339575
1758,P1758,0.5455918711289011
1759,P1759,0.800319496817915
1760,P1760,0.3161960594808264
1761,P1761,0.9893821915098613
1762,P1762,0.48105374864088124
1763,P1763,0.4447612267036771
1764,P1764,0.8441047894258193
1765,P1765,0.05557154664872499
1766,P1766,0.29551138729845583
1767,P1767,0.4615031585533491
1768,P1768,0.8152218654652343
1769,P1769,0.8223552213287532
1770,P1770,0.4151754793658683
1771,P1771,0.6783716050498783
1772,P1772,0.3407031275314496
1773,P1773,0.9701945410961258
1774,P1774,0.4398090232133972
1775,P1775,0.25924518601143165
1776,P1776,0.6441781629989586
1777,P1777,0.3896281524983177
1778,P1778,0.8377868492735833
1779,P1779,0.09779607407542712
1780,P1780,0.6629935225994136
1781,P1781,0.72814286558431
1782,P1782,0.04976428379248077
1783,P1783,0.6766940098675271
1784,P1784,0.3231956799669714
1785,P1785,0.38082605758690646
1786,P1786,0.09339626045998084
1787,P1787,0.47111690020506536
1788,P1788,0.9082046997306721
1789,P1789,0.16530039332384217
1790,P1790,0.3259412774750998
1791,P1791,0.32806459131310783
1792,P1792,0.6815456445345999
1793,P1793,0.7851001237909836
1794,P1794,0.8457544958262944
1795,P1795,0.2225068449889509
1796,P1796,0.03759579191632223
1797,P1797,0.6215176211602506
1798,P1798,0.0269801284541763
1799,P1799,0.403788143532379
1800,P1800,0.15240190853068603
1801,P1801,0.2762176310568667
1802,P1802,0.05327045684838427
1803,P1803,0.27153113571577625
1804,P1804,0.4056078044274636
1805,P1805,0.39060669393748804
1806,P1806,0.6816586592318227
1807,P1807,0.326707082386665
1808,P1808,0.1482397418078346
1809,P1809,0.755673641355266
1810,P1810,0.17608261925780821
1811,P1811,0.5433478556245116
1812,P1812,0.9902356393437557
1813,P1813,0.8185815452235586
1814,P1814,0.16960865002852932
1815,P1815,0.9682994016451848
1816,P1816,0.8511838662241158
1817,P1817,0.47808718760504976
1818,P1818,0.46489387534279925
1819,P1819,0.14409687745835686
1820,P1820,0.23463433253672994
1821,P1821,0.04920483132777298
1822,P1822,0.10964093634638417
1823,P1823,0.6875380521588735
1824,P1824,0.033303881713293126
1825,P1825,0.5912256801487326
1826,P1826,0.05268753760547218
1827,P1827,0.5567531842241455
1828,P1828,0.7331212048300076
1829,P1829,0.46671119131677785
1830,P1830,0.2792368236270685
1831,P1831,0.38110932313976265
1832,P1832,0.30641220211464515
1833,P1833,0.7461090422596095
1834,P1834,0.32683340191773047
1835,P1835,0.884690838012851
1836,P1836,0.4896267229481355
1837,P1837,0.5350884189039576
1838,P1838,0.8448793485132973
1839,P1839,0.7138992551050183
1840,P1840,0.6847632083848744
1841,P1841,0.2219131914124225
1842,P1842,0.7976695582597635
1843,P1843,0.464700976510241
1844,P1844,0.9917597171250986
1845,P1845,0.710614124253083
1846,P1846,0.3614854178564124
1847,P1847,0.22995151673891534
1848,P1848,0.6785919050491994
1849,P1849,0.7225121525486804
1850,P1850,0.29294334417048473
1851,P1851,0.3519815693695816
1852,P1852,0.9324135997887786
1853,P1853,0.21095307439310884
1854,P1854,0.36913116067801466
1855,P1855,0.5718448906550818
1856,P1856,0.9840462759294322
1857,P1857,0.10567344799143885
1858,P1858,0.8163397841662772
1859,P1859,0.21647624864087034
1860,P1860,0.988429789666067
1861,P1861,0.6523352758814479
1862,P1862,0.3284165179081482
1863,P1863,0.9588658965863384
1864,P1864,0.13256067504555968
1865,P1865,0.2938748116765246
1866,P1866,0.6926221816584276
1867,P1867,0.577355298241061
1868,P1868,0.38099517800980165
1869,P1869,0.43825954317915927
1870,P1870,0.041868327938457184
1871,P1871,0.8448100091875128
1872,P1872,0.6273455062438321
1873,P1873,0.4527157227800823
1874,P1874,0.8825658552822493
1875,P1875,0.6612924088781074
1876,P1876,0.20744356295361221
1877,P1877,0.3652969107616185
1878,P1878,0.5720848827624543
1879,P1879,0.2802773519256325
1880,P1880,0.526685827854747
1881,P1881,0.6886654213312379
1882,P1882,0.8563941534845371
1883,P1883,0.9032272800790901
1884,P1884,0.02186934390272688
1885,P1885,0.4228143966804251
1886,P1886,0.3159592422364408
1887,P1887,0.3976934883938906
1888,P1888,0.4652928855389543
1889,P1889,0.9914764774516232
1890,P1890,0.159907511178909
1891,P1891,0.8885028441732955
1892,P1892,0.6918122522879512
1893,P1893,0.9403273955077759
1894,P1894,0.8265556458005789
1895,P1895,0.007168545844831842
1896,P1896,0.6980181042275831
1897,P1897,0.009345356130695648
1898,P1898,0.4696073184703222
1899,P1899,0.6381499384727428
1900,P1900,0.5710437612935534
1901,P1901,0.41019241700355025
1902,P1902,0.9852802103827705
1903,P1903,0.6166347152148529
1904,P1904,0.7165814891824138
1905,P1905,0.43816806757494453
1906,P1906,0.6839869083558945
1907,P1907,0.7489543367740555
1908,P1908,0.2948350581192113
1909,P1909,0.597457882008979
1910,P1910,0.26999159572157183
1911,P1911,0.785864778723568
1912,P1912,0.5975487448088503
1913,P1913,0.057216414990277076
1914,P1914,0.798668439395529
1915,P1915,0.3047274856497918
1916,P1916,0.08153454038059638
1917,P1917,0.029648795818595586
1918,P1918,0.4481506497658727
1919,P1919,0.057284150202359885
1920,P1920,0.4013822018209794
