,remote,sandwich,motorcycle,horse,suitcase,umbrella,frisbee,tie,bottle,skis,dog,cat,fork,broccoli,cell phone,airplane,teddy bear,toothbrush,elephant,handbag,cost,car,truck,orange,giraffe,mouse,fire hydrant,snowboard,kite,person,baseball bat,chair,bed,skateboard,tv,knife,wine glass,laptop,sink,bear,book,bus,oven,microwave,bowl,cup,parking meter,bench,banana,zebra,toilet,couch,bird,cake,baseball glove,bicycle,spoon,clock,traffic light,tennis racket,refrigerator,carrot,vase,sports ball,dining table,keyboard,toaster,train,stop sign,pizza,apple,cow,backpack,potted plant,surfboard,scissors,boat,hot dog,sheep,donut
model_164,0.340316,0.52059,0.675282,0.66357,0.546233,0.482105,0.807707,0.719091,0.476819,0.315391,0.602467,0.573906,0.887127,0.513685,0.499692,0.80591,1.0,0.0,0.757064,0.373215,36.8,,,,,,,,,,,,,,,,,,,,,,,,,,,,,,,,,,,,,,,,,,,,,,,,,,,,,,,,,,,
model_170,0.340316,,,,,,,,,,,,,0.51425,,0.838777,,0.0,,,36.8,0.671273,0.480566,0.605017,0.897896,0.788476,0.731679,0.348271,0.622027,0.737704,0.676124,0.592388,,,,,,,,,,,,,,,,,,,,,,,,,,,,,,,,,,,,,,,,,,,,,,,,
model_158,0.340316,,,,,,,0.719091,,,,0.535863,,,0.499692,0.847004,0.912612,,,0.459078,36.8,,0.512604,,,0.788476,,,,,,,0.597356,0.734181,0.809201,0.499312,0.537845,0.858453,0.809858,0.657567,0.519882,0.876365,0.373268,0.517882,0.619405,0.636182,1.0,0.701072,0.499897,0.834042,,,,,,,,,,,,,,,,,,,,,,,,,,,,,,
model_16,,,,,,,,,,,,,,,,,0.77147,,,,110.4,0.717614,,,,,,,,,0.69954,,,,,,,,,,,,,,,,,,,,0.840454,,,,,,,,,,,,,,,,,,,,,,,,,,,,,
model_17,,,,,,,,0.652705,0.587532,,,,,,0.545777,,,,,0.521875,110.4,,,,,,,0.594375,,,,,,,0.74138,,,,,,0.463665,,0.626379,,,,,,,,,0.681076,0.525551,0.778195,0.763201,,,,,,,,,,,,,,,,,,,,,,,,,
model_159,,,,0.724502,0.565545,0.524235,0.8385,,,,,,,,,,,,,,36.8,,0.512604,,,,,,0.63616,0.740827,,,0.597356,,0.809201,,0.537845,,,,,,,,0.619405,,,,,0.846818,,,0.550032,0.748836,,0.777293,0.564273,,,,,,,,,,,,,,,,,,,,,,,
model_171,,,,,,,,,,,,,,,,,,0.0,,,36.8,,0.480566,,,,,,,,0.614658,,,,,,,,,0.657567,,,,,,,,,,,,,,,,,,,,,,,,,,,,,,,,,,,,,,,,
model_165,,0.52059,,,0.565545,0.482105,,,,0.341317,,,,0.533442,,,1.0,0.0,0.797311,0.459078,36.8,,,0.619431,0.939942,0.756477,0.766752,0.442524,,,0.676124,,0.597356,0.734181,,0.499312,,,,0.725915,,,,0.517882,,,1.0,0.701072,,,,,,,,,0.69641,0.825875,0.64851,0.834759,0.824972,0.374487,0.583097,0.727058,0.689116,0.633228,0.370213,0.568225,,,,,,,,,,,,
model_198,,,,,,,0.8385,,,,,,,,0.521404,0.847004,,,,0.411707,36.8,0.672319,,,,0.788476,,,,,,,,,,,0.537845,,,0.601003,,,,,0.608633,,1.0,,,,,,0.534987,,,,,,,,,,,0.737879,0.689116,,,,0.663793,0.789631,,,,,,,,,,
model_173,,,,,,,,,,,,,,,0.521404,,,,0.776666,,36.8,0.672266,,0.608941,0.939942,,,0.442524,,0.739848,,,,,,,,,,,,,,,,,,,0.499897,0.84913,0.766379,,0.550032,0.748836,,,,,,,0.741042,,0.596177,,,,,,,,0.419945,,,,,,,,,
model_167,,0.52059,,,,,,,0.489154,,,,,,,,,,,,36.8,,,,,,,,,,,,,,0.794051,,0.537845,,,,0.519882,0.880072,,,,0.633471,,,,,,0.756318,,,,,,,,,,,,,,,,0.546769,,,,0.661813,0.415124,,,,,,,
model_29,,,,,0.654446,0.598653,,,,,,,,,,,,,,,110.4,,,,,,0.852249,,,,,,0.70103,,,,,,,,0.456112,0.793714,0.670606,,,,0.741071,,,,,0.654903,,,0.74321,,,0.776269,,,0.719116,,,,0.602459,,,,,,,0.778194,,0.500979,0.80705,,,,,
model_15,,,,,,,,,,,,0.859315,,,,,,,,,110.4,,,,,,,0.645551,,,,,,,,,0.568795,,,,,,,,,,,,0.488534,,,,,,,,,,0.624234,,,,,,0.596065,,,,,,,,,,,,,,,
model_14,,,,,0.643364,,,,,0.637151,,,0.571678,,,,,,,0.491529,110.4,0.716783,0.60787,,,,,,,,0.719183,,0.729296,,0.729422,0.593555,,,0.753844,0.737552,,0.767627,0.574468,0.64203,,,,,0.488837,,,,,,0.763201,,,,,,,,,,,,,,0.714974,,,0.767678,,,,0.400854,0.686462,,,
model_28,,,,,,0.608834,,,0.581075,,,,,0.493271,0.519977,,0.792245,0.349778,,,110.4,,,,,,0.827788,,,,,,,,,,,0.713042,,,0.45563,0.771396,,,,,,,,,,,,,0.778385,,,,,,,,,,,,,,0.714974,,,,,,,,,,,
model_166,,,,0.732686,,,,,,,,,,0.523106,,,,,,,36.8,,,,,,,,,,,,,,,,,,,,,,,,,,,,,,0.766379,,,,,,,,,,,,,,,,,,,,0.380041,,,,,,,,,
model_172,,,,,,,,,,,,,,,,,,,,,36.8,,,,,,,,,,,,,,,0.428056,,,,,,,,,,,,,,,,,,,,,,,,,,,0.578037,,,,,,,,,,,,,,,,,
model_199,,,,,,,,,,,,0.602168,,,,,1.0,,,,36.8,,,,,,0.805357,,,,,,,,,,,,,0.725915,,,,,0.619405,,,,,,,,,0.748836,,,,,,,,,,,,,,,,,,,,,,,,0.710219,,
model_189,,,,,,,,,,,,,,,,,1.0,,,0.459078,36.8,,,0.619431,,,,,,,,,,,,,,,,,,,,,0.619405,,,,,,0.766379,,,,,,,,0.64851,0.825125,,,,,,,,,,,,,,0.584919,,0.0,,,,
model_176,,,,,,,,0.719091,0.485107,,,0.564732,0.887127,0.533442,,0.847004,,,,0.459078,36.8,,,,0.909913,,,,0.63616,0.739848,,,,,,,,0.858453,0.809858,,,0.880072,0.373268,0.517882,,,,,0.499897,,,,0.550032,,,,,0.828365,,,,,0.596177,,,,1.0,,,,,,,,0.663691,,,0.710219,,
model_162,,,,,,,,,,,,,,,,,,,,,36.8,,,,,,,,,,0.673167,,,,,,,,,,,,,,,,,,,,0.766379,,,,,,,,,0.812386,,,,,,,,,0.730173,0.796611,,,,,,,,,,
model_10,,,,,,,,,,,,,,,,,,,,,110.4,,,,,,,,,,,,,,,,,,,,,,,,,,,,,,,,,,,,,,,,,,,,,,,,,,,,,,0.840988,,,,,
model_38,,,,,,,,,,,,,,,,,0.750694,0.531852,,,110.4,,,,,,,,,,,,,,,,0.596724,,,,,,,,,,,,,0.859441,,,,,,,,,,,,,,,,,,,,,,,,,,,,,0.617429,
model_200,,,,,,,,,,0.256869,,,,,,,,,,0.175447,36.8,,,,,0.725628,,,,,0.636947,,,,,,,0.807291,,,,,,,,0.626018,,0.650369,,,,,0.517677,,,,0.564273,,,,,,,,,,,,,,,,,,,,,0.603016,,
model_39,0.574687,0.501322,,,,,,,0.578865,,,,,,0.546943,0.829102,0.760641,,,,110.4,,0.618771,,,,,,0.615598,,,,,,,0.619167,,,,,,0.789086,,0.686129,,,,,,,,,,0.773296,,,,0.788044,0.641085,,,,,,,0.678583,0.325856,,,,,0.770096,,,,,,,,0.78211
model_11,,,,,,,,,,,,,,,,,,,,,110.4,,,,,,,,,0.76743,,,,,,,,,,,,,,,,,,,,,,,,,,,,,,,,,,,0.600823,,,,,,,,,,,,,,,
model_163,,,,,,,,,0.489154,,,,,,,,,0.0,,,36.8,,,,,,,,,,,,,,,,,,,,,,,,,,,,,0.836509,,,,,,,,,,0.812386,,,,,,,,,,,,,,,,,0.593129,,,
model_177,,,,,0.495476,,,,,,,,,,,,,,,,36.8,,,,,0.788476,,,,,,,,,,,,,,,,,,,,,,,,,,,,0.713228,,,,,,,,,,,,,,,,,,,,,,,,,,
model_188,,,0.690223,0.732686,,,,,0.48534,0.341317,,,0.887127,0.533442,,0.847004,1.0,,,,36.8,0.671273,0.512604,,,,,0.442524,,,0.636947,,,0.734181,,,,0.858453,,,,0.876365,0.373268,,,,,,,,,0.711457,0.550032,,0.563198,0.777293,,0.816684,0.64851,0.834759,,0.407429,0.596177,0.74398,,,1.0,,0.684711,0.796611,,,,0.569768,0.663691,,,0.652237,,0.846107
model_149,,,0.705841,,,,,,,,,,,,,,,,,,36.8,,,,,,,,,,,,,,,,,,0.809858,,,,,,,0.636182,,,,,,,,,,,,,,,,,,,,0.611702,,,,,,,,,,,,,,
model_161,,,,,,,,0.719091,0.485107,,,0.602168,,0.533442,,0.847004,,,,,36.8,0.673358,,,0.939942,,,,,,,,,,,0.499312,,,0.802339,0.725915,,,,0.517882,0.619405,,,,,,,,,,,0.777293,0.474481,,,,0.732774,,,,0.596684,,1.0,,,,,0.66841,0.362178,,,0.0,,0.65925,0.573827,
model_175,,,,,,,,,,,,,,,,,,,,,36.8,,,,,,,,,,,,,,,,,,,,0.519882,,,,,,,,,,,,,,,,,,,,,,,,,,,,,,,,,,,,,,,
model_13,,,,,0.654868,,,0.648661,,,,,,,,,,,,,110.4,,,,,0.726878,,,,,,,0.719981,,,,,,,,,,,,,,,,0.488837,,0.840454,,,,,,,,0.629334,,,,,,,,,,,,,,0.537622,,,,,,,0.766336
model_12,,,,,,,,,,,,,,,,,,,,,110.4,,,,,,,,,,,,,,,,,,,,,,,,,,,,,0.910427,,,,,,,,,0.630084,,,,,,,,,,,,,,,,,,,,,
model_174,,,,,,,,,,,,,,,,0.847004,,,,,36.8,,,,,,0.71883,,,,,,,,0.809201,,,,,,,,,,,0.633471,,,,,,,,,,0.744153,,,0.634099,,,,,,,,,,,,,,,,,,,,,
model_160,,,,,,,,,,,,,,,,0.847004,,,,,36.8,,,,,,,0.348271,,,,0.592388,,,,,,,,,,,,,,,,,,,,,,,,,,,,,,,,,0.689116,,,0.568225,,,,,,,,,,,,
model_148,,,,,,,,,,,,,,,,,,,,,36.8,,,0.619431,,,,,,,,,,,,,0.537845,,,,,,,,,,,,,,,0.756318,,,,,,,,,,,,,,,,,,,,,,,,,,,,
model_107,,0.52059,,0.653864,,,,0.605692,,,,,,,,0.734631,,,,0.344309,36.8,0.662699,0.496689,,,,,0.442524,0.61344,,,,,0.686553,,0.299598,,,,,,,,,,,,,,,,0.756318,,,,,,,,,,,,,,,0.23806,,,,,,,,,,,,0.56724,
model_113,,0.52059,,,,,,,,,,,,,0.521404,0.847004,,0.0,0.797311,0.411707,36.8,,,,,0.788476,,,0.63616,0.740329,,,0.43069,,,0.499312,,,0.809858,0.725915,0.501956,,0.373268,,,0.636182,1.0,,,,,0.756318,,0.713228,,,,0.828365,,0.834759,,,,,,,,0.542529,,0.796611,,,,,,,0.581784,0.710219,0.573827,0.846107
model_49,0.607526,0.501322,,,,,0.771442,0.652705,,,,,0.623042,,,,0.792245,,,0.516619,110.4,,,0.582406,,0.762722,,,,0.767659,,,,,,,0.615075,,,,,,,,0.576077,,0.684066,0.593303,0.509012,,0.790613,0.681076,0.518449,,,0.816912,,0.769913,,,,,0.500495,0.705648,,0.692403,0.389532,,,0.717218,0.469769,0.767678,,0.50096,,,,,,
model_75,,,,,,,,,,,,,,0.493153,,,,,,,110.4,,,,,,,,,,0.747265,,,,,0.635687,,0.731246,,,,,,,,,,,,,,,,,,,,,,0.72373,,,,,,,,,,,,,,0.501,,,0.693965,,,
model_61,,,,,,,,,,,,,,,,,,,,,110.4,,,,,,,,,,,,,,,,,,,,,,,,,,,,,,,,,,,,,,,,,,,,,,,,,,,,,,,,,,0.588216,
model_60,,,,,,,,,,,,,,,,,,,,,110.4,,,,,,,,,,,,0.733434,,,,,,,,,,,,,,,,,,,,,,,,,,0.631458,,,,,,,,,,,0.704619,,,,0.50601,,,,,,0.756007
model_74,,,,0.91744,,,,,,,,,0.589238,,0.53909,,,,,,110.4,,,0.582406,0.92561,,,,0.608784,,,,0.719981,,,,,,,,,,,,,,0.741071,,0.488534,,,,,0.782887,0.801495,,,,,,0.719116,,,,,0.665305,,,,,0.453384,,,,,,,,,0.756007
model_48,,,,,0.640139,,0.771442,,,,,0.834106,,,,0.85281,,0.350332,,,110.4,,0.626603,,,,,0.602514,0.58202,,,,,0.725922,,,0.604946,,,,,0.752666,0.647738,,0.553652,,0.632781,,0.481993,,0.794107,,0.507852,0.736154,,,0.395342,0.746997,0.634336,0.723285,,,0.493249,0.7104,,,,,,0.712413,0.428474,,0.544725,,,0.22332,0.683035,0.746192,0.590585,
model_112,,,,,,0.524235,,,,,,,,,,,,,,,36.8,,,0.619431,,,,,,0.739973,,,,,,,,,,,,,,,,,,,,,,,,,,,,,,,,,,,,,,,,,,,,,,,,,,
model_106,0.340316,,,,0.530198,,,,0.489154,,,0.564732,0.887127,,,,,,,,36.8,,,0.600391,,,0.805357,,0.63616,0.740578,0.676124,0.592388,0.597356,,0.80549,,,0.858453,,0.725915,0.510726,,0.34136,0.472189,,,,,,,0.766379,,0.550032,0.748836,0.586483,,,,,,0.741042,,,0.727058,,0.633228,1.0,,0.730173,,,,,0.584919,,0.0,,0.710219,0.573827,
model_110,,,,0.732686,,,,,0.485107,,,,0.682276,,,,,,0.797311,,36.8,0.673358,,,,0.756477,,,,0.739954,,,0.43069,,0.809201,,0.537845,0.858453,,0.725915,0.519882,,,,,,,,,,0.740575,,,,,,,,,,,0.407429,,,,,1.0,0.542529,,,,0.66841,0.415124,0.569768,,,0.609665,,0.573827,
model_104,,0.52059,0.705841,0.732686,0.565545,0.524235,,,,,,,,0.533442,,,,0.0,,,36.8,,0.512604,,0.939942,,,,0.622027,0.738948,,,,,,,,,,,0.519882,,,0.462326,,,,,0.473582,,,0.756318,,0.748836,,,,,,0.830078,0.851171,0.407429,,,0.596684,,,,0.608893,,,,0.383293,,,,,,,0.846107
model_138,,,,,,,,,,,,,,,,,,,,,36.8,,,,,,,,,,,,,,,,,0.858453,,,,,,,,,,,,,0.766379,,,,,0.766905,,,,,,,,,,,,,,,,,,,,,,,,
model_8,,,,,,,0.709961,,,0.58219,0.825588,0.887108,,,,,0.787837,,,,110.4,,,0.557883,0.843466,,,0.53066,,0.765273,,0.535252,0.741334,,0.724063,,,,,0.873891,,,,,,,,0.560281,,,,,,0.773296,0.801495,,,0.749782,0.626687,,,0.530373,,,0.600857,,,,0.737631,0.689532,,0.754581,,,,,,0.77064,,
model_89,,,,,0.654868,0.598653,,,0.581602,,0.847915,,0.623042,0.476372,,,0.787837,,,,110.4,,,0.56463,0.928609,,0.842967,,0.615598,0.76589,0.768854,,,0.705031,,,0.602862,0.721047,0.767667,0.806122,,0.788382,,,0.570316,0.625247,,,,0.891672,,0.661892,0.521845,0.782887,0.807214,0.803537,,0.750054,0.634336,,,0.530373,0.514795,,,,,,,,,0.779433,0.535813,,,0.400854,0.671933,,0.62935,
model_62,,,,,,0.595461,,0.614056,,,,,,,,0.767289,,0.531852,,,110.4,,0.630399,,,,,,0.595599,,,,,,,,0.575047,,,,,,,,,,,,0.468605,,,,,,,,,,,,,,,,,,,,,,,0.754581,,,,,,0.715769,,
model_76,,,,,,,,,,0.613553,,,,,,,,,,,110.4,,,,,,,,,,,,,,,,,,,0.747614,,,,,,,,,,,,,,,,,,,,,,,,,,,,,,,,,,,,,,,0.620669,
model_77,,,,,,,,,,,,,,,,,0.792245,,,,110.4,,,,,,,,,,,,,,,,0.600903,,,,,,,,,,,,,0.891672,,0.661892,,,,,,,,,,,,,,,,,,,,,,,,,,,,
model_63,0.591106,,,,,,0.758951,,0.5881,,,,,,,,,,,,110.4,,,,,,,,0.608784,,,,,,,,,,0.767667,,0.461542,,,,,0.632233,,,0.495255,,,,,,,,,,,,,0.530373,,,,,,,,,,,,0.506134,0.843185,,,,,
model_88,,,,0.914537,0.608369,,,0.603467,,,,,,,,,,,,,110.4,,,0.555836,,,,,,,,,,,,,,0.705476,,,,0.726044,,,,0.609478,0.552116,,0.488534,,,,,,,,0.400174,,,,,,0.507537,,,,,,,,,,,,,,,,,
model_139,,,0.675878,0.732686,,,,,0.480996,,0.648438,,,,0.521404,,,,,,36.8,,,,0.939942,,,,,,,,,,,0.428056,,,,,0.519882,0.880072,,,,,,,0.499897,,0.766379,,,,,,,,0.64851,,0.851171,0.407429,,,0.631429,,,0.568225,,,,0.66841,,,0.663691,,,,,0.814761
model_105,,,,,,,,,,,,,,0.533442,0.521404,,,,,,36.8,,,,0.939942,,,,,,0.627494,,,0.734181,,,0.523759,,,0.725915,,,,,0.619405,,,,,,,,0.550032,,,,,0.828365,,0.834759,,0.407429,0.596177,,,,0.319083,0.568225,0.730173,,0.419945,,0.415124,0.573584,,,0.609665,,0.565224,
model_111,,,0.705841,,,,,,,,,,,0.523106,,,,,,,36.8,0.672319,,,,,0.805357,,,,,,,,,,,,,,,,,,,,1.0,,,,,,,0.748836,,,,,,,,0.407429,,,,,,,,,,,,,,,,,,
model_129,,,,,0.565545,,,,,,,,,,,,,,0.797311,,36.8,,,0.619431,,,,,,,,,0.597356,,,0.499312,0.537845,0.858453,,,,0.880072,0.373268,,,,,,0.470473,,,,,,,,,,,,,,,0.737879,,,,0.568225,,,,0.655623,,,0.633272,,,,,
model_115,0.340316,,,,,,,,,,,,,,,,,,,,36.8,,0.512604,,,,,,,,,,,0.734181,,,,,0.809858,,,,,0.517882,,,,0.701072,,,0.766379,,0.541275,0.748836,,,,,,,,0.39288,,,,,,,,,,,,,,,,0.710219,,
model_101,,,,,,,,,,,,,,,,,,,,,36.8,,,,,,,,,,,,0.597356,,,0.499312,0.537845,,,,,,,,,,,,,,,0.711457,,,0.586483,,,0.825875,,0.830078,,,0.596177,0.737879,,,1.0,0.568225,,,0.419945,,,,,,,,,
model_67,,,,,0.636046,,,,,,0.778167,,,,,,,,,,110.4,,,0.550925,,,,,,,,,0.698772,,0.729422,,,,,,,,,,,,,,,,,,,,,,,,,,0.656698,0.499543,,,,,,,,,,0.762687,,,,,0.643215,,,
model_73,,,0.820464,,0.654868,0.605255,0.729739,0.616039,0.573719,,,,0.60846,0.484617,,0.845976,,,,,110.4,,0.612349,,,0.72452,,,,0.765871,0.726855,,0.711681,,,,0.604946,,,,,,,,0.566078,,0.725457,,,,,0.694594,,,,0.803537,,0.761156,,0.712142,,0.531141,,,,0.678583,,0.832739,,,,0.770096,,0.500979,0.850824,0.501423,0.671268,,,0.751185
model_72,,,0.78721,,,0.598653,,,,,0.847915,,,,0.541106,,0.745765,0.31079,,,110.4,,,,,,,,,0.763758,,,,,,,,,,0.722128,,0.752666,,,,,,,,,,,,,,,0.382527,,,,,,,,,0.645737,0.280106,,,,,,,,,,0.64638,,0.617429,
model_66,,,,0.916013,,0.615376,,,,0.62246,,,0.60846,,0.545777,,0.755769,,,,110.4,0.720566,,,,0.72452,,0.674593,0.608784,,,,0.741334,,,0.630652,,0.745391,,,,,,0.736743,,,0.632781,,,,,0.668075,,,,,0.419528,,,0.740923,,,,,,,,,,,,,,,0.80705,,,,,0.756007
model_99,,,,,,,,,,,,,,,,,,0.295308,,,110.4,,,,,,,,,,,,,,,,,,,,,,,,,,,,,,,,,,0.784591,0.816912,,0.739065,,,,,,,,0.665305,,,,,,,0.549941,,,,,,,
model_100,,,,,,,,,,,,,,,0.552633,,,,,,110.4,,,,0.928609,,,,0.608784,,,,,0.748089,,,,,,0.873891,,,,,0.565307,,,,,,,,0.521845,,,,,,,,,0.518495,,,,,,,,,0.441612,,,,,,,,,
model_114,,,,,,,0.800386,0.686937,,,,,,,,,,,,,36.8,0.673358,,0.619431,,,,,0.627701,,,,,,,,,,,,,,,,,,,,0.499897,,,,,,,,,,,,,,,,,,,,,,,,,,,,,,,
model_128,,,,0.7158,,,,,,,,,,,,,,0.0,,,36.8,,,,,,,,,,,,,,,,,,,,,0.880072,0.373268,,,,,,,,,,,0.748836,,,,,,,,,,,,,,,,,,,,,,,0.609665,,,
model_102,,,,,,,,,,,,,,,,,,,,,36.8,,,,,,,,,0.739452,,,,,,,,0.858453,,0.725915,,,,,,,,,,,,0.756318,,,,,,,,,,,,,,,,,,,,,,,,0.0,,,,
model_116,,,,,,0.524235,,,,,,,,0.523106,,,,,,0.459078,36.8,0.670221,,,,,,,,,,,,0.726461,,0.499312,,0.858453,,,,,,0.517882,0.605442,,,0.650369,,,,,0.550032,0.748836,0.586483,,,0.828365,,0.812386,,,,0.710889,,,,,,0.796611,0.380041,,,,,,,,,
model_70,0.597712,,0.829221,0.90045,,,,,,,,0.90001,,0.497577,0.552633,,,0.531546,,0.508359,110.4,0.721618,,,,,,,,,0.747265,,,,,,,,,,0.464062,,,0.686129,,,,,,,,,,,,,,,,,0.697353,0.536996,,0.722058,,,,,0.750761,,,,,,,,0.690583,,,
model_64,,,,,,,,,,,,,,,,,,,,,110.4,,,,,,,,,,,0.541298,,0.751876,,,,,,,,,,,,,,,,,,,,,,,,,,,,,,,,,,,,,,,,,,,,,0.617429,
model_58,,,,,,,,,,,,,,,0.552633,,,,,,110.4,,0.626603,,,,,,,,,,,,0.729422,,,,,,,,,,,,0.741071,,,,0.833459,,,,,,,,,,0.676868,,,,,,,,,,,,,,,,,,,
model_59,,,,,,0.602066,,,,,,,,,,,,,,,110.4,,,,,,,,,,,0.539183,,,,,,,,,0.458145,,,,,,,,,,,0.66224,,,,,,,,,,,,,,,,,,,,,,,,,0.675951,,,
model_65,0.588209,,,,0.64742,,,,0.579718,,,,,,,,,,,,110.4,,,,,,,,0.608784,,,,,,,,,,,,0.463665,0.764806,,,,0.627022,,,,,,,0.525551,,,,,0.776269,,,,,,,,,,,,,,,,,,,0.679532,,0.620669,
model_71,,,,,,,0.74707,,,,,,,0.484879,,,,,,,110.4,,,,,,,,,,,,0.731509,,,,,,,,,,,,,,0.665179,,,,,,,0.782887,0.807214,,,0.746904,,,,,,,,,,,0.750761,,,,0.533922,,,,0.664777,,,
model_117,,,,,,,,,,,,,,,,,,,,,36.8,,,,,,,,,,,,,,,,,,,,,,,,,,,,0.470473,,,,,0.745241,,,,,,,,,,,0.596684,0.633228,,,,0.771016,,,,,,,,,,
model_103,,,,0.652644,,,,0.536019,,0.256869,,,0.554851,,,,,,,,36.8,,,,,,0.631219,0.211262,,,,,,,,,,,0.743557,,,,,0.289747,,,,,,,,,,,,0.646398,,,,0.66912,0.364549,,0.583097,,,,,0.456072,,,,0.627082,,,,,,,,
model_126,,,,,,,0.8385,,,,,,,0.533442,,,,,,,36.8,,,0.610143,,,,,0.622027,,,,,,,,,,,,,,,,,,,,,,,0.756318,,,,,,,,,,,,0.74398,,,,,0.711002,,,,,,,0.0,,,,
model_132,,,,,,,0.832109,0.686937,,0.315391,,,,,,,,,,,36.8,,,,,,,,,,0.676124,,,0.734181,,,,0.854329,,0.622213,,,,,,,,,,,,,0.550032,0.665679,,,,,0.630341,,,,,,0.533674,,,0.568225,,,,,,,,0.0,,,,
model_2,,,,,,,,,,,,,,,,,,,,0.438532,110.4,,,,,,0.543906,0.447985,0.53725,,,,,0.652477,,,,,0.644499,,,0.70084,,,,,,0.515134,,,,,,,,0.761966,,,,0.623116,0.636823,,,,,,,,,,0.337003,0.683033,,,0.716705,,,,,
model_97,,0.39627,,,,,,,,,,,,,,0.76712,0.667593,,,,110.4,,0.565402,,0.822925,0.673891,,0.515125,0.545393,,,,,,,,,,0.62708,,,,,,,0.599397,,,,0.826676,,,,,,,,0.709043,,,,,,,,,0.141362,,,,,0.743685,0.504021,,0.753247,0.222459,,,,0.682865
model_83,,,,0.873754,0.654868,,,0.657364,0.582677,0.599406,,0.901649,0.568541,0.493153,,,,0.419111,,,110.4,0.717318,0.616331,0.57989,0.875339,,0.827788,0.657827,,,0.768854,0.53935,,,,,,,0.763235,,,0.789086,,,0.561321,,,,0.495382,,0.790613,,,,,0.803537,,,,0.731074,0.697353,0.518038,0.507537,,0.594346,,,,,,,,0.543712,,0.843185,0.334153,0.67565,,0.62583,0.751185
model_68,,,,,,0.588807,,,,0.608431,,,0.60407,,,,,,,,110.4,,,0.575728,,0.743131,,,0.602119,0.765378,,,,0.721801,,,,,0.778083,,,,,,,0.627439,,,,0.890486,,,,,,,,,0.623878,,0.647492,0.518038,0.493439,,0.595902,0.665305,,,0.737631,,,,,,,,,,0.612225,0.736622
model_54,,,,,,,,,,,,,,,,,,,,,110.4,,,,,,,,,,,,,,0.73825,0.630652,,,,0.868356,,,,,,,,,,,,,,0.745943,,,,,,,,,,,0.604149,,,,,,,,,,,,,,,
model_40,,,,,,,,,,0.619181,,,,,,,,,,,110.4,,,,,,0.641232,,,,,,,,,,,0.662898,,,,,,0.62279,0.548965,0.608064,0.536361,,,,,,,,,,,,,,,,,,0.582849,,,,,,0.421254,,,0.490979,,,,,,
model_41,,,,,,0.615376,,0.643948,0.584851,,,0.887108,0.599079,,,,,,,0.516619,110.4,0.721093,,0.57338,,,,,,,,,0.680764,,0.74138,,,,,,,0.786494,0.670606,0.686129,,0.631869,,0.593303,,0.89923,0.793321,,,0.782887,,,,,,0.717782,,,,,,0.665305,,,,0.709196,0.443684,0.778194,,0.501,,,,,0.609251,0.751185
model_55,0.607526,,0.813835,,,,,,,,,,,0.497577,,,,,,,110.4,,,,,,,0.645551,,,,,,,,,,,,,,,,,,,,,,,,,,,,,,,,0.708366,,,,,,,,0.895563,,,,,,0.506262,,,,,,
model_69,,,,,0.650851,,,,,,0.866925,,,,0.546943,,,,,,110.4,,0.599896,0.57338,,,,,,,,,,,,,,,,0.873891,,,,,,,0.529613,,,,,,,,,,,,,,,,,,,,,,,,,,,,,,,,,
model_82,,,0.829221,,,,,,,,,,,0.472812,,,,,0.87058,,110.4,,,,,0.756297,,,,,,,,,,,,,,,,,,0.686129,,,,0.571201,,,,0.643506,,,,,,0.767235,,,,,,,0.600357,0.678583,,,,0.712413,,,,,0.838728,,0.672105,,,
model_96,,,0.818548,,,,,,0.584046,,0.851674,,,,,,,,,,110.4,,,0.57989,,,,,,,,,,,0.704161,,0.598879,0.72739,,0.83864,,,,,,,,,,0.911419,,,,0.730799,,,0.419528,,0.634336,,0.667088,,,,,,0.325856,,,0.717218,,,0.532385,0.494108,,,,,,
model_3,,,,,,,,,,,,,,0.493271,,,,,,,110.4,,,,,,,,,,,,,,,0.619167,,,,,,,,,,,,,,,,,,,,,,,,0.744052,,,,,,,,,,0.707285,,,0.532385,,,,,,,
model_133,,,,,,,,,,,,,,,,,,,,,36.8,,,0.59356,0.88669,0.748268,,,,0.7392,,,,,0.809201,,,,,,,,0.373268,,,,,,0.499897,,,,,0.713228,,,0.564273,,,,,,,,0.526191,,,,,,,,,,,,,,,
model_127,0.340316,,,,,0.524235,,,,,,,,,,,,,,,36.8,,,,,,,,,,,,,,,,,,,,,0.880072,,,,,1.0,0.701072,,,,,,,,,,,,,,,,,0.596684,0.633228,,,,,,,,,0.663691,,,,,
model_131,0.340316,,,,,,,0.719091,,,,0.602168,,,,,,,,,36.8,0.672319,,,,,,,0.63616,,,,,,0.809201,,,,0.780191,,,,,,,,,,,,,,,,,0.77623,,,,0.791182,0.851171,,,,,,,,,,,,,,,,0.609665,,,
model_125,,,,,,,0.8385,,,,,,,,0.499665,,1.0,,,,36.8,,,,,0.788476,,,0.63616,,0.668344,,,,,,,,,,,,0.373268,0.517882,,0.626018,,,,,,,0.550032,,,,,0.825875,,,,,,,,,,0.555267,,,0.419945,,0.415124,,0.663691,0.0,0.609665,,,
model_119,,,,,,,,,,,,,,,,,,,0.797311,,36.8,,,0.610143,,,0.805357,,,,,,,,,,,0.830144,,,,,,,,,,,,,,,,,,,,,,,,,,,0.631429,,,,,,,0.66841,0.383293,,0.646711,,,,,
model_1,,,,0.890093,,0.605255,,0.648661,,,0.847915,,,0.489039,,,,,0.88501,0.516619,110.4,,,,,,,,,,,0.540155,,,0.729422,,,0.737978,0.744154,,,,,0.56783,,,,,,,,0.687163,,,0.735944,,0.409623,,,0.737883,,,,0.705648,,,0.389532,,0.790319,,,0.759689,0.52059,0.494108,,,0.668481,,0.617429,0.766336
model_80,,,0.788781,,,0.598653,0.735953,,0.580765,,,,,,,0.871611,0.740694,0.299694,0.862959,0.516619,110.4,,,,,0.762722,0.78285,0.618907,0.608784,,,0.53935,,,0.750353,,0.598879,,0.778083,,0.453143,,,0.603262,0.568621,,,,,,,0.681076,,,0.784591,0.802681,0.419528,,,,,,0.514795,,,,,,,,,0.775837,,0.500979,,,,,,
model_94,,,0.818548,,,0.608834,,,,,,,,,,0.853487,,,,,110.4,,,,,,,,,,,,,,,0.597408,,,,,,0.783838,,,,,,,,,,,,,,,,,0.639206,,,,0.500481,,,,,0.871995,,,,0.778194,,,,,,,,0.770953
model_43,,,0.813835,,,,,,,0.628383,,,,,,,,0.419111,0.862959,,110.4,,,,,,,,,,,,,,,,,0.715049,,,,,,,,,,,,,,,,,,,,,0.632547,0.727452,,,,,,,0.245638,,0.790319,,,,,,,,,,,
model_57,,,,,,,,,,,,,0.623042,,,,,,0.872233,,110.4,0.714082,,,,,,,,,,,,,,,,,0.778083,0.83864,,,,,,,,,,,,,,,,,,,,0.751041,,,,,,,,,,,,,,,,,,,,
model_56,,0.474937,,0.88797,0.650851,,,,,,,,,0.493153,,,,0.295063,,,110.4,,,,,,,,,,,,,,,,,,,,,,,,0.555594,,,0.574923,,,,,,0.736154,,,,,,,,,,0.69566,,,,0.801146,0.750761,0.705907,,,,0.485847,,,0.67912,,,
model_42,,,,,0.650851,,,0.657364,,,,,,,0.526838,,,,,0.511469,110.4,,0.611739,,,,0.822698,,,,,,,0.736839,,,,,,,,,,,,,,,0.509012,,,,,,,,0.400174,,,,0.676868,,,,,,0.325856,,,,,,,,,0.334385,,,,
model_95,,,,,,,0.712954,,,0.608431,,,,,0.514586,,,,,,110.4,,,0.539929,0.873165,0.717444,0.755707,,,,,0.528979,,,0.73825,,,,,0.789819,,0.767773,0.647738,,,,,,,,,,,0.773296,,,0.400174,,,0.687038,,,,,0.597611,,,,,,0.435946,,0.537622,,,,0.679532,,,
model_81,0.600974,,,,,,,,,0.62246,,0.859388,,,,,,,,,110.4,0.719734,,,,,,,,,,0.541473,,,,,,,,,,,,,,0.630033,,,,,,,0.525551,,,,,,,,,,,,,,0.389532,,0.714974,,,,,,,,,,,
model_118,,,,,,,,,,,,,0.682276,,,,,0.0,,,36.8,,,,,,0.699676,0.271649,,,,,0.337621,,0.790121,,,,,,,,0.340028,0.380706,,,,,,,,,,,,,,,,,,,,,,,,,,0.763418,,,,,,,,,,
model_124,,,,0.732686,,,,,,,,,,,,,,,,0.389111,36.8,,0.512604,,0.930845,,,0.348271,,,0.668335,,,0.705943,0.801631,,,0.811727,,,,0.854455,,0.517882,,,,,,,,,,,,,,,,,,,,,,0.633228,,,0.711002,,0.419945,,0.415124,,0.663691,,,0.590762,,
model_130,,,,,,,,,,,,,,,,,,,,,36.8,,,,,0.638197,,,,,,,,0.677705,,,,,,,,,,,,,0.532631,,,,,,,,,,,,,,,,0.538228,,,,,,,,,,,,,,,,,
model_108,,,,0.711553,,,0.807707,,0.48534,0.341317,,,0.838501,,,,1.0,,0.78594,,36.8,,0.512604,,,,0.766752,,,,0.654946,0.592388,,0.734181,0.794051,,,,,,0.519882,0.854455,0.373268,,,,1.0,0.701072,0.449899,,,,0.550032,,,0.777293,,,,,0.851171,,,,0.689116,0.633228,1.0,0.568225,,,0.367452,,,0.584919,0.615647,0.0,,,,0.839949
model_134,,,,,,,,,,,,0.573906,,,,,,,,,36.8,,,,0.907647,,,,,,,,,,,,,,,,,,,,,,,,,,,,,,,,,,,,,,,,,,,,,,,,,,,,,,,
model_120,,0.52059,,,,0.524235,0.8385,0.686937,0.485107,0.341317,,,0.887127,0.533442,,,1.0,,0.797311,0.411707,36.8,,,,,0.788476,,0.348271,,,,,,,,0.499312,,,0.780191,,,,,,,,,0.701072,,,,0.756318,,,,,0.69641,,0.64851,0.812386,0.851171,,,0.727058,,,,0.542529,0.730173,,,0.66841,,,,0.0,0.593129,0.710219,,0.846107
model_4,,,,,,,,,,,,,,0.489039,0.552633,,,,,,110.4,,,,,,0.827788,,,,,,,,,,,,,,,,,,,,,,,,,,,,,,,,0.64349,,,,,,,,,0.871995,,,,,,,,,,,0.62583,0.786502
model_85,,0.514909,,0.887289,,,,,,,0.866925,,,,0.540073,0.809365,,,,,110.4,0.721618,,,,,0.852249,,0.615598,0.767708,,,0.741334,,,,0.611136,,,,,,0.606383,,,,,0.593303,,,,,,,0.763201,,,,,0.751041,,,,0.7104,0.605659,,0.325856,,,,,0.762164,,,0.843185,,,0.77064,0.609251,
model_91,,0.514909,,,,,,,,,,,,0.489039,,,,,,,110.4,,,0.57989,,0.689963,,,,,0.733536,,0.741334,,,,,,0.767667,,,,,0.686129,,,,,0.502164,,,0.681076,,,,,0.409623,0.767235,,,,,,0.717421,,,,,,,,0.784171,,,,,,,0.620669,
model_46,,,0.761642,,,0.549569,,,,,,0.838725,,,,,,,,,110.4,0.716246,0.592005,,,,,,,0.762615,0.69954,,,,,,,,,,0.457678,,0.606383,0.542935,,,0.741071,0.541712,,,,,0.504306,0.719409,,,,,0.617664,,0.657552,0.524508,,,,,0.194766,,,,0.443684,,,,,0.250674,,0.705108,0.593084,
model_52,,,,,,,0.646793,,,,,,,,,,,,,,110.4,,,,,,,0.493113,,0.7548,,,,0.68702,0.729422,,,,,,,,,,,,,,,,,,,,,0.694836,0.360475,,,0.654256,,0.462067,,,,0.590579,,,,,,,,,,,,,,
model_53,,,,,,,,,,,,,,,,,,,,0.511702,110.4,,,,,,,,,,,,,,,,,,,,,,,,,,,,0.502164,,,,,,,,,,,,,,,,,,,,,,,,,,,,,,,
model_47,0.5942,,,0.885407,,,0.795549,,0.5881,0.608431,,0.901649,0.60846,0.493271,,0.853487,0.792245,0.432575,0.86123,,110.4,,0.620231,,0.842916,,0.804692,,,,0.739961,,,0.751876,0.747294,0.623672,,,,0.83864,,0.797729,0.647738,0.736743,0.563101,,,,0.475625,0.906919,,,,0.782887,0.778385,0.787165,,,,,,,0.50051,,0.59284,0.678583,,,,,0.443684,0.778194,,0.506262,0.843185,,0.684807,,,0.766336
model_90,,0.514909,,,,0.537137,,0.606136,0.5671,,0.787995,,,,,,,0.346074,,0.496479,110.4,,,,0.837509,,,,,,,,,,0.704161,,,,,,,,0.576299,,,0.609478,,,,,,,,,,0.786238,0.391152,,,,,,,,,,,0.801293,,,,,,,,0.143228,,,0.585015,
model_84,0.524641,,,,,,,0.532289,,,0.794784,0.774082,,,,0.74986,,,,0.442819,110.4,,0.577975,,,,0.540151,0.421117,0.514227,,,,,,,,,,0.602516,,,,,,,,0.488874,,,0.866363,,0.577726,,,0.688161,,,,,,,,0.464234,,0.546421,,0.179439,,,,,0.690068,,,,,,,,
model_5,0.597712,0.501322,,,,,,,0.589434,,,,,,,,,,,,110.4,0.719734,,,,0.743131,,0.645551,,,,,,,0.732619,,,0.741738,,,,,,,,,,,0.502105,,,,,,,,0.409623,,,0.731074,,,0.522263,,0.607387,,,,,0.709196,,,0.537622,,,,,,,
model_121,,,,,,,,,,,,,,,,,,,,,36.8,,,,,,,,,,0.676124,,,0.734181,0.794051,,,,,,,,,,,,,,,,,,,,,,,,,,,,,,,0.633228,,,,0.796611,,,,0.584919,,,,,,
model_135,,0.52059,,,,,,,,,,,,,,,,,,,36.8,0.674391,,,,,,,,,,,,,,,,,,,,,,,,,,,,,,,,,,,,,0.64851,,,0.407429,0.596177,,,0.633228,,,,,,0.66841,,,,,,,,
model_109,,,,,,,,,,,,,,,,,,0.0,,,36.8,,,,,,,,,,,,,,,,,,0.780191,,,,,,,0.636182,,,0.499897,,,,,,,,,,,,,,,0.74398,,,1.0,,,,,,,,,,,,,
model_123,0.311124,0.52059,,0.732686,,,,0.719091,,0.341317,,,0.707039,,0.521404,,1.0,,0.797311,0.459078,36.8,,0.512604,,,,,,,0.739703,,,,0.705943,,0.499312,,,,0.725915,,0.876365,,0.517882,0.619405,,,,,,0.716452,,,0.748836,,,,,0.64851,,,,,,,,,0.542529,,,0.387812,,,,,,0.609665,,,
model_137,,,,,,,,0.686937,,,,,,,,,,,,,36.8,,,,,,,,,,,,,,,,,,,,,,,,,,,,,,,,,,,,,,,,,,,,,,,,,0.796611,,,,,,,,,,
model_7,,,,,,,,,,,0.832096,,,,,,,,,,110.4,0.721093,,,,,,,0.615598,,,,,,,,,,,,,,,,,,,,,,,,,,,,,,,,0.719116,,,,,,,,,,0.460013,,,0.506262,,,,,,
model_92,,,,,,,,,,,,,,,,,,,,0.501529,110.4,,,,,,,,,,,,,,,,,,,,,,,,,,,,,,,,,,,,,,0.616678,,,,,,,,,,,,,,,,,,,,0.606877,
model_86,0.565403,,0.775853,,,,,0.606136,0.574202,,,0.803048,,,,,,,,0.501529,110.4,,,0.531246,,0.72452,,,,,,,0.699823,,,,,,0.763235,,,,0.556698,0.64203,0.572777,,,,,0.895728,,,,,0.735944,,,0.761688,0.612167,,0.657552,,,,,,,,,0.671636,,,,0.485847,,0.183548,,,,
model_51,,0.464548,,,,,,,,0.599406,,,,,,,,,,,110.4,,,,,,,,,,,,,,,0.600957,,,,0.806123,,0.767627,,,,,,,,,,,,,,,,,,,,,,,,,,,,,,,,,0.852944,,,,,
model_45,,,,,,,,,0.578353,,,,,,,,0.792245,,0.872233,,110.4,,,,,0.717444,,,,0.765378,,,,,0.729422,,,,,0.68611,0.450682,,,0.686129,,0.630944,,0.574923,,,,,,,0.763201,,,,,,,,,,,0.645737,0.325856,,,,,,,,0.796339,,,,,
model_79,,,,,,,,,,,,,,,,,,,,,110.4,,,,,,,,,,,,,,,,,,,,0.458145,,,,,,,,,,,,,,,,0.400174,,,,,,,,,,,,,,,,,,,,,,,
model_78,,,,,,,,,,,,,,,,,,,,,110.4,,,,,,,,0.595599,,,,,,,,,,,,,,,,,,,,,,,,,,,,,,,,,,,,,0.658625,,,,,,,,,,,,,,
model_44,,,0.803493,,0.639213,0.572147,,,,,,,,0.480459,,,,,,,110.4,,,0.56463,0.892569,,0.78285,,,,,,,,,,,0.70148,,,,0.786494,,,,,,,0.481993,0.909413,,,0.525551,,,,0.371155,0.769913,,,,,,,,,,,,,,,,,,,,,,
model_50,,,,,,,,,,,,,,,,,,,,0.506549,110.4,0.720566,,,,,,,,,,,,,,,,,,,0.458145,,,,,,0.614011,,,,,,,,,,,,,,,,,,,,,0.893045,,,,,,,,,,,,
model_87,,,,,,,,,,,,,,,,,,,,,110.4,,,,,,,,,,,,,,,,,,,,,,,,,,,,,0.878201,0.790613,,,,,,,,,,,,,,,,,,,,,,,,,0.222761,,,,
model_93,,,,0.834664,,,,,0.573772,,,,,,,,0.706652,,,,110.4,,,,0.865331,0.717017,,,,,0.689207,,,,,,,,0.661918,,,,,,,,0.611246,,,,,,,,,,,0.767235,,,,0.51202,,0.667335,0.578973,,,,,,,,,,,,,,,
model_6,,,,,,,,,,,,,,,,,,,,,110.4,,,,,0.709994,0.804692,,,,,,,,,,,,,0.748111,,,,,,,,,,,,,,,,,,,,0.731074,,,,,,,0.280106,,,,,,,,,,,,,
model_136,,0.52059,,,,,,,,0.258982,,,,,,,,,,,36.8,0.669161,,,,0.788476,0.766752,,0.61884,,,,,,,,0.537845,,,,,0.820109,,,,,,,,,,,,,,,,0.802583,,,,,0.596177,,,0.555096,0.0,,,0.730226,,,,,0.580099,,0.593129,,,
model_122,,,,,0.528196,,,,,,,,,,0.479716,,,0.0,,,36.8,,,,,,,0.442524,,,,,0.43069,,,,,,,,0.493115,,,0.462326,0.601708,,,,0.444331,,0.716452,,0.541275,,,,,,0.628749,0.785584,,,,,,,,,,0.789631,,,,,0.646711,,,,,
model_186,,,,,,,,,,,,,,,,,,,,,36.8,,,,,,,,,,,,,,,,,,,,,,,,,,,,,,,,,,,,,,,,,,,,,0.611702,,,,,,,,,,,,,,
model_192,,,,,,,,,,,,0.602168,,,,,,,,0.459078,36.8,,,,,,,,,,,,,,,,,,,,,,,,,,,,0.499897,,,,,,0.586483,,,,0.64851,,,,,,0.689116,0.633228,,,0.730173,,,,,,,,,0.710219,,
model_145,,,,0.732686,,,,,,,,,,,,0.838777,,,,,36.8,,,,,0.788476,,,,,,,,,,,,,,,,,,,,,,,,,,,,,,,,,,,,,,,,,,,,,,0.661813,,,,,,,,
model_151,,,,,,,,,0.489154,0.341317,,,,,0.521404,0.80591,,,,,36.8,,0.512604,0.619431,,0.788476,,,,,,,,,,,,,,,,,,,,,,,,0.84913,,,,0.748836,,,,,,0.834759,,,0.596177,0.74398,,,,,,,,,,0.555382,,0.0,,,,
model_179,,,,,,,,,0.481584,,,,,,,,,,,,36.8,,,,,,,,,,,,,,0.794051,,,,,,,0.876365,,,,,,,,,,0.756318,,,,,,,,,,0.407429,,,,,,,0.730173,,0.398998,,,,,0.0,,,,
model_37,,,,,,,,,,0.585897,0.850752,,0.513575,,,,,,,,110.4,,,,0.888235,,,,,,,,,,,,,,,,,,,,,,,,,,,,,,,,,,,,,,,0.627456,,,,,,,,,,,,,,0.728992,,
model_23,0.533094,,,,,,,,,,,,,,,,,,,,110.4,,,,,,,,,,,0.526609,,,0.726148,0.550803,,,,,,0.743319,,,,,,,,,,,,,,,,,,,,,,,0.561357,,,,,,,0.73613,,,,,,,,
model_22,0.574687,0.501397,,,,0.605255,0.729739,,,,,,,,,0.849825,,,,,110.4,,0.620231,,,,,0.674593,,,,,,,,0.604773,0.604946,,,0.738707,,,,,,,,0.567507,0.482462,,,,,,,,,,,,0.667088,,,,,,,,0.714974,0.698011,,,,,,,,,,
model_36,,,,,0.631859,,0.747334,,,,,0.843765,,,0.514237,,,0.283239,,,110.4,,,,0.902525,,0.78285,,,,,,0.643837,0.675856,,,,,,,0.445252,,0.606383,,,,0.556979,,,,,0.647917,,,,,,,,,,,,0.678109,,,,,,,,,,,,,,,,
model_178,,0.52059,,,,,,,,,,,,,0.521404,,,,,,36.8,,,,,0.756477,,,,,,,0.43069,,,,,,,,,,0.373268,,,,,,,,,,,,,,,,,,,,,,,0.633228,,,,,,,0.383293,,,,,,0.56724,
model_150,,,,0.732686,,,,,,,,,,,,,1.0,0.0,,,36.8,,0.496475,,,,,,0.63616,,0.636947,,,,,,,,,,,,,,,,,,,,,,,,,,,,,,,,,,,0.633228,,,,,,,0.415124,,,,,0.710219,,
model_144,,,,,,,,,,,,,,,,,,,,,36.8,,,,,,,,,,,,,,,,,,,,,,,,,,,,,,,,,,0.545131,,,,,,,,,0.71405,,,,,,,,,,,,,,,,
model_193,,,,,,,0.807707,,,,,,,,,,,,,,36.8,0.673358,,,,,,,0.627701,,0.676124,,,,,,,,,0.725915,,,,0.462326,,,,,,0.84913,,,,,,,,,,,,,,,,,,,,,,,,,,,,,,
model_187,0.340316,0.52059,,,,,,,0.489154,0.341317,,,,,,,,,0.797311,0.388601,36.8,,,,,0.788476,0.805357,,,,0.676124,,,,,,,,,,,,,0.517882,0.619405,,,0.701072,,,,,,,0.586483,,,,0.64851,,,,,0.74398,,0.633228,,,,,,,,,0.633272,0.0,0.598469,0.682094,,
model_191,,,,,,,,,,,,,,,,,,,,,36.8,,,,,,,,,,,,,,,,,,,,,,,,,,,0.650369,,,,,,,,,,,,,,,,,,,,,,,,,,,,,,,,
model_185,,0.52059,,0.732686,0.546233,,,,,,,,,,,0.847004,,,,,36.8,,,,,,,,,,,,,,,,,,,,,0.880072,,,,,,,,,,,,,,,,,,,,,,0.727058,,,,,,,,,,,,,,,,
model_152,,0.52059,0.690223,0.732686,0.565545,,0.8385,,,0.282163,,,0.887127,,0.499692,0.847004,,0.0,,,36.8,0.672319,0.512604,,,,,,,,0.676124,,,0.734181,0.809201,,,,,,0.510726,,,,,,1.0,,0.473582,,,,,,,0.777293,,0.828365,0.643371,,,,,,,,1.0,,,,,,,,,,,,,
model_146,,,0.690223,,,,,,,0.341317,,0.602168,,,,0.847004,1.0,0.0,,,36.8,,,,,,,,,,,,0.43069,,,0.499312,,0.858453,0.780191,,,,0.373268,,,,,,0.473582,,0.740575,,,,,,,,,,,0.407429,,,,,,0.542529,,,,,,,,,,0.710219,,0.846107
model_20,,,,,,0.605255,,0.657364,,,,0.885257,,,,,,,,,110.4,,,,,,,,0.611247,,,,,0.751876,,,,,,,,,,,,,,,,,,,,,,,,,,,,,,,,,,,,,,,,,,0.501423,,,,
model_34,,,,0.872945,,0.56112,,0.657364,,,0.798543,,,,,0.829102,,,,,110.4,,,,0.908422,,,0.577429,,,0.655267,,,0.691726,0.710542,,,,,0.711044,,,,,,,,,,,,,0.489897,,,,0.352698,,0.613631,0.691197,0.676868,,,0.678109,,0.658625,,0.768729,,0.683284,0.401158,,0.492977,0.501,,,,,,
model_35,,0.476191,,,,,,,,,,0.87098,,,,,,,,,110.4,,,,,,0.762163,,,,,,,,,,,,,,,,0.626379,,,,,,,,,,0.51151,,,,,,,,,0.525136,,,,,,,,,,,,,,,,,,
model_21,,,,,,,0.738852,0.611151,,0.506578,0.784182,,,,,,0.715064,,,,110.4,0.693077,0.595786,,,,,0.571715,,0.757368,0.691101,,,0.696293,0.708986,0.560152,,,,,0.429771,0.748846,,,,,,,0.434253,,0.790613,,,,0.705503,0.765919,,,,0.733155,0.576294,0.481036,,0.657335,0.561357,,,,,,,,0.492484,,,0.286121,,,,
model_147,,,,,,,,,,,,,,,,,,,,,36.8,,,,,,,,,,,,,,,,,,,,,,,,,,,,,,,,0.542633,,0.563198,,,,,,,,,,,0.633228,,,,,,,,,,,,,,
model_153,,,,,,,,,,,,,0.554851,,,,,,,,36.8,,,,,,0.766752,,,,,,,,,,,,,,0.510726,,,,,,0.554384,,,,,,,,,0.744153,,,0.64851,,,,0.564799,0.74398,,,,,,,,,,0.569768,,,,,,
model_184,,,,,,,,,,,,,,,,0.847004,,,,,36.8,,0.496689,,,,,,,,,,,0.714015,,0.428056,,,0.809858,,,,,,,,,,,,,,,,,,,,,,,,,,,,0.257242,,,,,,,,,,0.609665,,,
model_190,,,,,,,,,,,,,,,,,,,,,36.8,,0.512604,,,,,,,,,,,,,,,,,,,,,,,,,,,,,,,,,,,,,,,,,,,,,,0.663793,,,,,0.584919,,,,,0.56724,
model_194,0.340316,,0.705841,,,,0.8385,,,,0.624608,,,,0.521404,,,,,,36.8,0.673358,0.496689,,,0.756477,,0.442524,,,,0.586018,,,,,,0.858453,0.809858,0.657567,,,0.373268,0.517882,0.619405,0.636182,,,,0.84913,0.757955,0.756318,0.550032,0.748836,,,,,,,,,,0.74398,,,,,,0.789631,,0.66841,,,0.663691,,,0.710219,,
model_180,0.340316,,,,,,,0.657536,,,0.624608,,,,,0.80591,,,,,36.8,0.66489,,,0.928225,0.756477,,,,,,0.583411,,,,,0.537845,,0.780191,0.694433,,,,,0.608633,,,0.545278,,,0.757955,,0.542633,0.735642,,,,0.808587,0.639297,,,,,0.71405,,,,,,0.771016,0.398998,,,,,0.0,,0.652237,,0.814761
model_157,,,,,,0.524235,,,,,,,,,,,,,,,36.8,,,,,,,,,,0.664729,,,,,,,,,,,,,,,0.636182,,,,0.84913,,,,,0.586483,,,,,,,,,0.74398,,,,,,,,,,,,,,,,
model_143,0.340316,,,,0.549631,,0.8385,,,0.315391,,0.602168,0.682276,0.533442,0.521404,0.847004,,,0.797311,,36.8,,0.512604,,0.939942,,0.805357,,,,0.676124,,,0.734181,0.809201,,0.537845,0.858453,,0.725915,0.519882,0.876365,,,,,,0.701072,,,0.740575,,0.550032,,,,,0.828365,,,0.851171,0.407429,0.596177,,0.689116,0.633228,0.367642,0.568225,0.730173,0.796611,0.419945,0.66841,0.415124,,,,0.609665,,0.565224,0.846107
model_25,,,,0.91744,,,0.769194,,,0.628383,,0.90001,,0.493153,,,0.760641,,,0.521875,110.4,,,0.588877,,,0.776791,0.618907,,,,0.542445,,0.751876,,,,0.724885,0.767667,0.83864,,0.789086,,,,,,,,0.89923,,0.65556,,,,,,0.776269,,,,0.523911,,0.67758,,,,0.895563,,,,,,,,,,,,0.770953
model_31,,,0.809903,,,,,0.623202,,,,,0.60846,0.480789,,,,,,,110.4,,,,0.873165,,,,,,,,0.733434,,,,,0.734108,0.763235,,0.455138,,,,,,,,,,0.753312,,,,,,,,,,0.639308,,,,,,,,,,,0.778194,,,,,,,0.606877,
model_19,,0.514909,,,,,,,,,,,,,0.552633,0.845976,,,,0.50147,110.4,,,,,,0.804692,,,,,,,,,0.600957,0.592564,,,,,,,,,,,,,,,,,,,,,,,,,,0.514795,,,,,,,0.678827,,,,,,,,,,
model_18,,,,,,,,,,,,,,,,,,,,,110.4,,,,0.850869,,,0.531212,,,,,,,,,,,,,,,,,,,,,,,,,,,,,,,,,,,,,,,,,,,,,,,,,0.664839,,,
model_30,,0.514909,,0.916013,,,,0.643948,0.582957,,,0.90001,0.623042,,0.53909,,0.776121,,0.883522,,110.4,,0.613988,,,,,0.645551,,0.767659,,0.538369,,0.736839,,,,0.72739,,,,,0.670606,0.663068,0.576077,,,,0.495382,,,0.669822,0.518449,,,,,0.761156,,0.747595,,,,,,0.678583,,,,,,0.784171,,,,,,,,
model_24,,,,0.902112,,0.595461,,,,,,,,,,,,,,,110.4,,,,,,,0.645551,,,,,,0.735999,,,,,,,,,,,,,,,,,,,,,,,,,,,,,0.507756,0.722058,,,,,,0.717218,0.453384,,,,,0.501423,,,0.634462,
model_142,,,,,,,,,,,,,0.887127,0.533442,,,,,0.797311,,36.8,,,,,,,,,,,,,,,,,,,,,,,,,,,,,,,,,,,,,,,,,,,,,,,,0.684711,,,,,,,,,,,
model_156,,,,,,,,,,0.341317,,,,,,,,,,,36.8,,,,,,,,,,,,,0.734181,,,0.525375,,,,,,,0.385461,0.619405,,,,,,,,,0.748836,,,,,,,,,0.596177,,,,,,,,,,,,,,,,,
model_181,,,,,,,0.8385,,,,,,,0.533442,,,,0.0,,,36.8,,,,,,,,,,,,0.597356,,,,,,,,0.511119,,,0.517882,,0.627925,,,0.473582,,,,,,,,,,,,,,,,,,,,,,,,,,,,,,,
model_195,0.340316,0.52059,0.69903,,,,,0.686937,0.489154,,,,0.887127,,0.499692,,,,,,36.8,0.674391,0.512604,,,,,,,0.739973,0.676124,0.592388,,0.734181,,,,,,,0.492865,,0.373268,,0.619405,,,,0.499897,,,,,,0.586483,0.777293,,0.816684,,,,0.407429,0.596177,,,,,,,,0.419945,,,,,0.0,,0.682094,0.573827,
model_183,,,,,,,,0.719091,,,,,,,,,,,,0.459078,36.8,,0.512604,,,,,,,,,,,,,,,,0.809858,,,,,,,,,0.701072,,,0.740575,,,,,,,,,,,,,,,,,,,0.763418,,0.66841,0.383293,,,,,0.710219,,
model_197,,,,,,,,,,,,,,,0.521404,,,,,,36.8,,,,,,,,,,,,,,,,,,,,,,,0.462326,,,,,,,,,,,,,,0.779139,,,,,,0.710889,,,,,,,,,,,,,,,,
model_168,,,0.690223,,,,,,,,,,,,0.521404,,,,,,36.8,,,,,,,,,,,,,0.734181,,,,,,,,0.880072,,,,,,,,,,,,,0.545131,,,,,,,,,,,,,0.519058,,,,,,,,0.0,,0.603016,0.56724,
model_140,,,,,,,,,,,,,0.887127,,,,,0.0,,,36.8,,,,0.923499,,,,,,,,,,,,,,,,,,,,,,,,,,,,,,,,,,,,,,,,,,,,,,,,,,,0.0,,,,
model_154,0.340316,,0.660974,0.724502,,,,,,,0.562584,,,,,0.847004,,,,,36.8,,,,,,,,,,,,,,,,,,,0.601003,,,0.344638,,,,,,,,,0.672684,,,,0.777293,,,,,,,,,,,,,,,,,,,,,,,,
model_32,,,,,0.634965,0.588807,,0.630532,0.579911,,0.806827,,0.571678,,,,,,,,110.4,0.711655,,0.57989,,,,,,,,0.533405,,,,,,,,,,,0.626379,0.64203,,0.627439,,0.561857,0.461394,,,,,0.725222,0.723741,0.799382,,,,,,,0.507756,,,,,,0.652745,,,,,,,,,,,0.736622
model_26,0.579004,0.514909,0.7972,0.902112,0.650279,0.598653,0.790502,,,0.604215,0.866925,0.896562,0.571678,,,,,,,,110.4,0.717623,,,0.92714,0.72452,0.78285,,,,,,0.719981,,,,0.611136,,,0.834064,,0.794729,0.626379,0.686129,,,,,0.509012,,,0.694594,,,,,,,,0.740923,,,,0.705648,,,0.218733,,0.790319,,,0.775837,,,0.850824,,,0.701674,,0.770953
model_27,,,,,,,,,,,,,,,,,,,,,110.4,,,,,,,,,,,,,,,,,,,,,,,,,,0.665179,,,,,,,,,,,,,,,,,,,,,,,,,,,,,,,,,
model_33,,,,,,,,,,,,,,,,,,,,,110.4,,,,,,0.827788,,,0.766382,,,0.741334,,,,,0.716126,,,,0.783838,,,,,,,,,,0.694594,,,,,,,,,,,,,,,,,,,,0.775837,,,0.838728,,0.672105,0.762868,,
model_155,,,,,,,0.752445,,,0.293128,,,0.554851,,,,,,,,36.8,,0.512604,0.610143,,,,,,,,,,,,,,0.830144,,,0.492865,,,,,,,,0.349881,,,,,,,0.711899,,0.799741,,,,,0.54488,,,,,,,,,,,,,,,,,0.769185
model_141,,,,,,,0.8385,,,,,,0.682276,,,0.847004,1.0,0.0,,,36.8,,,,0.91254,,,0.442524,,0.739828,,,0.597356,,,0.332875,,,,,,,,,,,0.693859,,,,0.766379,0.756318,0.550032,,,,,,0.643371,,0.707871,,0.596177,,,0.633228,,,,,,,,,0.663691,0.0,0.609665,,,
model_169,,,,,,,,,,,,,,,,,0.904225,,,0.175447,36.8,,,,,,,,0.63616,0.734806,,,,,,,,,,,,,,,,,,,,,,,,,,,,,,,,,,,,,,,,0.789631,,,,,,,,,,
model_196,0.340316,0.52059,,0.732686,,0.524235,,,,,,,,,,,,,,,36.8,0.674391,,,,,,,,,,0.592388,,,,,,,,,0.519882,,0.373268,,,,,0.701072,0.473582,,,0.756318,,,,0.777293,,,,0.834759,0.851171,,,,0.689116,0.611702,,,0.711002,,0.419945,,,,0.663691,,,0.652237,0.573827,0.814761
model_182,,0.52059,,,,,,,0.473011,0.341317,,0.602168,0.682276,,0.499665,,,,,,36.8,,,,0.909913,,,,,,,0.589228,,,0.809201,,0.510391,,,,,,,,,,,,,,,,,0.651288,,,,,,,,,,,,,,,,,,,,,,,,,,
