,refrigerator,bowl,airplane,motorcycle,frisbee,couch,keyboard,fork,bench,toaster,sink,tennis racket,spoon,truck,carrot,laptop,hot dog,tv,cost,suitcase,mouse,elephant,clock,backpack,bear,orange,sports ball,bird,car,book,oven,banana,tie,kite,person,broccoli,dog,remote,microwave,baseball glove,cat,knife,teddy bear,skis,dining table,apple,baseball bat,stop sign,bus,donut,surfboard,cow,cake,wine glass,sandwich,parking meter,scissors,traffic light,horse,bicycle,fire hydrant,toothbrush,chair,giraffe,pizza,potted plant,umbrella,zebra,vase,toilet,cell phone,boat,handbag,bottle,sheep,cup,snowboard,bed,skateboard,train
model_164,0.741042,0.605442,0.80591,0.675282,0.807707,0.693292,0.572763,0.887127,0.650369,0.0,0.809858,0.834759,0.69641,0.512604,0.39288,0.854329,0.652237,0.790121,373.0,,,,,,,,,,,,,,,,,,,,,,,,,,,,,,,,,,,,,,,,,,,,,,,,,,,,,,,,,,,,,
model_170,,,0.838777,0.705841,,,,,,0.0940533,0.780191,0.812386,,0.480566,0.397892,,,,405.0,0.565545,0.788476,0.797311,0.816684,0.415124,0.725915,0.605017,0.727058,0.550032,0.671273,,,,,,,,,,,,,,,,,,,,,,,,,,,,,,,,,,,,,,,,,,,,,,,,,,,
model_158,,,0.847004,0.705841,,,,,,,,,,,,0.858453,,,357.0,,,,,,,,0.737879,,,0.519882,0.373268,0.499897,0.719091,0.61884,0.740204,0.533442,,,,,,,,,,,,,,,,,,,,,,,,,,,,,,,,,,,,,,,,,,,,
model_16,,,,,,,,,,,0.763235,,,,,0.741738,0.796744,,3962.0,,,,,,,,,,,,,,,,,,,,,,,,,,,,,,,,,,,,,,,,,,,,,,,,,,,,,,,,,,,,,
model_17,,,,,,,,,,,,,,,,,,,2506.0,,,,,,,,,,,,,,,,,,0.866925,0.607526,0.736743,0.763201,0.87098,0.608093,0.776121,0.628383,,,,,,,,,,,,,,,,,,,,,,,,,,,,,,,,,,,,
model_159,,,0.80591,,,0.756318,,,0.701072,1.0,,,,,,0.858453,,,389.0,,0.779127,0.797311,,0.415124,,,0.737879,,,,,,,,,,,,,,,,,,0.689116,0.380041,0.636947,0.730173,,,,,,,,,,,,,,,,,,,,,,,,,,,,,,,,
model_171,,,,,,,0.591592,,,,,,,,,,,,1221.0,,,,,0.415124,,,,,,,,,,,,,0.624608,0.311124,,,,,,,,,,,0.854455,0.846107,0.633272,,,,,,,,,,,,,,,,,,,,,,,,,,,,,
model_165,,,,,,,,,,,,,,,,,,0.790565,373.0,,,,,,,,,,,,,,,0.63616,,,,,,,,,,,,,,,,,,,,,,,,,,,,,,,,,,,,,,,,,,,,,,
model_198,0.851171,,,,,0.711457,,0.848522,,,,,,0.512604,,0.834821,,,357.0,0.565545,0.788476,,,,,0.610143,0.737879,0.534987,0.672319,0.510726,,,,,,0.533442,,0.311124,,0.563198,0.602168,0.428056,,,0.689116,,,,,,,0.648905,0.713228,0.537845,0.443279,1.0,0.0,0.64851,0.702984,0.777293,0.805357,,,,,,,,,,,,,,,,,,,
model_173,,0.619405,,,,,,,0.701072,,,,,,0.407429,,,,1237.0,,0.788476,,0.828365,0.415124,,,0.74398,,,,,,0.719091,,,,0.624608,,,,0.602168,,,0.341317,0.689116,,,0.727697,,,0.663691,,,0.537845,,,,,0.732686,,0.805357,0.0,0.592388,,,,,,,,,,,,,,,,,
model_167,0.851171,,0.847004,,,,,,,,0.809858,0.834759,,,0.407429,,,,661.0,,,,,,,,0.74398,,0.674391,,,,0.705286,,0.740204,,,0.340316,,,,,,0.315391,0.689116,,,,,,,,,,,,,,0.711553,,,0.0,,0.939942,0.796611,,,,,,,,,,,,,,,
model_29,,,,,,,,0.585058,,0.325856,,,,0.620231,,,0.796744,,2010.0,0.654446,,,0.776269,0.532385,,0.588877,,0.514793,0.715966,,,,,,,,,,,,0.885257,,,,,,,,0.793714,,0.80705,0.778194,,,,0.741071,,,,,0.852249,0.361389,,0.908422,0.712413,0.500979,0.598653,0.901438,0.493439,0.837031,0.533373,,,,,,,,,
model_15,,,,,,,,,,,,0.717782,0.391152,,,,0.723249,,5146.0,,,,,,,0.538778,,,,,,,,,,,,,,0.763201,,0.612104,0.787837,,,,,,,,,,,,,,,0.624234,,,,,,,,,,,,,,,,,,,,,,
model_14,,,,,0.747334,0.674291,,,,0.218733,0.753844,,,,,,,,3098.0,,,,0.738409,0.544725,,0.575728,,,,,,,,,,,,,,,,,,0.637151,,,,,0.767627,,0.840988,,,,0.474937,0.671117,0.400854,,,0.816912,0.852249,,,,0.705907,,,0.859174,,,,0.686462,0.491529,0.582136,0.618685,,,,,
model_28,,,,0.817654,,,0.678583,,,,,0.73375,0.382527,0.61473,,,0.783938,0.74138,970.0,0.64742,0.756297,,0.764494,,,,,,0.718435,,0.647738,0.495255,,,,,,0.597712,0.728117,0.778385,0.87098,,,,,,,,,0.756007,0.840988,0.786465,,,,,,,,,,0.349778,,0.908125,0.712413,,0.608834,0.906922,,0.815569,,0.672105,,0.581075,0.599694,,,,,
model_166,,,,,,,,,,,,,,,,,,,373.0,,,,,,,,,,,,,,0.686937,,,,,,,,,,,,,,,,,,,,,,,,,,,,0.805357,,,,,,,,,,,,,,,,,,,
model_172,,,,,,0.756318,,,,,,,,,,,,,421.0,,0.788476,,,,,,,,,,,,,,,,,,,,,,,,,,,,,,,,,,,,,,,,,,,,0.771016,,,0.84913,,,,0.598469,,,,,,,,
model_199,,,0.847004,,,,,,,,0.809858,,,,,,,,677.0,,,,,,0.725915,,0.737879,,,,,,,,,,,,,,0.602168,,,0.315391,,,,,,,,,,,,,0.0,,,,,,,,,,0.524235,,,,,,,,0.573827,,,,,
model_189,,,,,,,0.633228,0.887127,,,,0.825125,0.69641,,,,,0.809201,421.0,,,0.797311,,,,,0.74398,,,,0.373268,0.499897,0.719091,,0.740703,,,0.340316,,,,,1.0,,,,,,,,0.633272,,,,0.52059,1.0,,,0.732686,,,,,,,,0.524235,,,0.766379,,,,0.485107,,0.636182,0.348271,,,
model_176,,0.608633,,0.705841,,0.756318,,0.887127,,,,,,,0.407429,,,,373.0,0.565545,,,,,,0.619431,,,0.672266,,,,,,0.739848,0.533442,,,,,,,,,,,,,,,,,,,,,,,,,,0.0,,,,0.584919,,0.844721,,,,,,0.485107,,0.636182,,,,
model_162,,,,,,,,,,,,,,,,,,,373.0,,,,,,,,,,,,,,,,,,,,,,,,1.0,,,,,,,,,,,,,,,,,,,,,,,,,,,,,,,,,,,,,
model_10,,,,,,,,,,,0.748943,,,,,,,,2714.0,,,,,,,,,,,,,,,,,,,,,,,,,,,,,,,,,,,,,,,,,,,,,,,,,,,,,,,,,,,,,
model_38,,,0.829102,,,,,,,,,,,,,,,,1562.0,,,0.87058,,,,,,0.511188,,,,,0.627121,,,,,,,,0.859388,,,,,0.433633,0.747265,,,,,0.754394,,,,,,0.634336,,,0.804692,,,,,,0.595461,,,,,,,,,,,,,
model_200,0.851171,,,0.705841,,0.607311,,,,,,,,,,,,,373.0,,,,,,,0.591258,,0.517677,,,,,,,,,,,,,,,,,,,,,,,,,,,,,,,,,,,,,,0.573584,,,,,,,,,,,,,,
model_39,,,,,,,,,,,,,,,,,,,954.0,,,,,,,,,,,,,,,,,,,,,,,,,,,,,,0.789086,,,,,,,,,,,,,,,,0.713983,,0.615376,,,,,,,,,,,0.741334,,
model_11,,,0.87482,,0.771442,0.694594,,,0.585748,,0.782316,,0.419528,,,,,,2554.0,,,,,0.549941,,0.556142,,0.514793,,0.466609,,,,,,,,,,,,,,,,,,0.750761,,0.741629,,0.784171,,,0.514909,,,0.634336,0.916013,,0.852249,,,0.892569,,,0.615376,,,,,,0.511469,,,,,0.711681,,
model_163,,,,,,,,,,,,,,,,,,,469.0,,,,,,,,,,,,,,,,,,,0.340316,,,,,,0.341317,,,,0.730173,,,,,,,,1.0,,,,,,,,,,,,,,,,,,,,,,0.597356,,
model_177,,,0.734631,,0.83244,0.693292,0.591592,0.887127,,,,,,0.496689,,0.854329,,,373.0,,,,0.825875,,,,0.737879,,,,0.373268,,,,,,,0.340316,,,0.573906,,0.904225,,,,,,,,0.567603,,,0.497439,,,,0.62509,,,,,0.581475,0.936104,,,,0.834042,0.596177,,0.479716,,,,0.556876,,,0.337621,,
model_188,,,,,,0.711457,,,,1.0,,0.834759,,,,,,,373.0,,,0.791781,0.816684,0.383293,,0.619431,,,,0.519882,,,,,,,,,0.517882,,,0.499312,1.0,0.341317,,,,0.684711,,,,,,,,,,,,,,,,0.939942,,0.569768,,0.84913,,,,,,,,,,,0.734181,
model_149,,,,,,,,,,,,,,,,,,,389.0,0.565545,,,,,,,,,,,,,,,,,,,,,,,,,,,,,,,,,,,,,,,,,,,,,,,,,,,,,,,,,,,,
model_161,,,,,,,,,,,,,,,,,0.65925,,373.0,,,,,,0.725915,,,0.550032,0.673358,,,,0.719091,,,0.533442,0.648438,,,,,,,,,,,,0.880072,,,,,,,,,0.64851,,0.777293,,0.0,,,,,,,0.596177,,,,,0.485107,,,0.348271,0.597356,,
model_175,,,,,,,,0.887127,,1.0,,,,,,,,,533.0,,,,,,0.725915,,,,0.672319,,0.373268,0.444331,0.719091,,,0.533442,,,,,,,1.0,,,,,,,,,,,,,,,,,,,,,,,,,0.84913,,,,,,0.489154,,,0.442524,,,
model_13,,,,,,,,0.60846,,,,,,,,,,,2058.0,,,,0.767235,0.537622,,,,,0.717318,,0.613647,,,,,,,,,0.784591,0.887108,,,0.599406,,,,,,,,0.775837,,,,,,,,,,,,,,,,,,0.840454,,,0.521875,0.578865,0.634462,0.625247,,0.719981,,
model_12,,,,,0.776819,,,,0.582535,0.242149,0.767667,,,,0.518038,,,,2762.0,,,,,,,,,,,,,,,,,,,,0.686129,,,,,,0.592031,,,,,,,,,,,,,,0.870858,,0.817299,,,,,,,,,,,,,0.584303,,,,,,0.855245
model_174,,,,,,,,,,,,,,,,,,,453.0,,,,,0.415124,,,,,,,0.373268,,,,,0.533442,,,,,,,,,,,,,0.876365,,,,,,0.52059,1.0,,,0.711553,,,,,,,,,,,,,,,,,,,,,
model_160,,,,,,0.756318,,,,,,,,,,,,,373.0,,,,,,,,0.737879,,,,,,,,,,,,,0.586483,,,1.0,,,,0.676124,,0.880072,,0.633272,0.66841,,,,,,,,,0.805357,,0.592388,,,,,,,,,,,,,0.636182,,0.43069,,
model_148,,,0.847004,,0.8385,,0.633228,,,1.0,0.809858,0.834759,,,0.407429,,0.652237,0.809201,357.0,0.565545,0.788476,0.797311,,,,0.619431,0.74398,0.550032,0.671273,0.519882,0.373268,,,0.63616,,,0.648438,0.340316,0.517882,0.586483,,,,0.341317,,,,,,,0.663691,0.66841,,,0.52059,1.0,,,0.711553,0.777293,0.805357,,,0.939942,0.796611,,0.524235,,,,0.521404,,,,0.565224,0.636182,0.442524,,,
model_107,,,,,,,,,,,0.752622,,,,,,,,197.0,,,,,,,,,,,,,,,,,0.533442,,,,,,,0.9053,,,,,,,,,0.661813,,,,0.693859,,,,,,,,,,,,,,,0.479716,,,,,,,,,
model_113,,,,,,,,,,,,,,,,,0.710219,,437.0,,,,,,,,,,,,,,,,,,,,,,,,,,,,0.676124,,,,0.663691,,,,0.52059,,,,,,,,,,,,0.524235,,,,,,,,,0.636182,,,,
model_49,,,,,,,,,,,,,,,,,,,3130.0,,,,,,,,,,,,,,,,,,,,,,,,,,,,,,,,,,,,,,,,,,,,,0.928609,,,,,,,,,,,,,,,,
model_75,,,,,,,0.665305,0.60846,,,,,,,,,,,970.0,,,,,,0.806123,,,,,,,,,,,,,,,,,,0.792245,,,,,0.714974,0.798783,,,,,,,,,,,0.778061,,0.346074,,,,,,,,,,,0.516619,,0.62935,,,,0.751876,
model_61,0.697353,,0.777635,,,,,0.558896,,0.375744,0.763235,0.689448,,,0.505704,0.723421,0.692499,,1002.0,0.618699,0.762722,,,0.531667,,,0.683224,,,,0.658562,0.502105,0.635423,,0.765589,0.489039,0.864346,,,0.807214,,0.619167,,0.585897,0.591028,,,0.717087,0.793714,,0.836403,0.762687,,,0.514909,,,0.619231,,,0.779152,,0.538369,0.825129,0.693679,0.500979,0.609682,0.891672,,,,,,,,,,,,0.868908
model_60,,,,,,,,,,,,,,0.626603,,,,,2010.0,,,,,,,,,,,,,,,,,0.493271,,,,,,,,,,,,,0.779621,,,,,,,,,,,,,,,,,,,,,,,0.67912,,0.586758,,,,,,
model_74,0.719116,,,0.785031,,,,,,,,,,,,,,0.732619,1450.0,,,,,0.526421,,,0.694255,,,,,,,,,,,,,,,,,,,,,,,,,,,,,,0.333903,,,,0.827788,,,0.92561,0.696994,,0.608834,0.882117,,0.807681,,,,,,,,,,
model_48,,,,,,,0.665305,,,,,,,,,,,,1898.0,,0.756297,,,0.544725,0.83864,,,,,,0.647738,,,,,0.468923,,,,,,,,,0.574494,,,,,,,,,,,,,0.634336,,,,,0.538533,,,,,,,,,,,,,0.623016,,0.691182,0.725922,
model_112,0.851171,,,0.705841,,,,,0.675873,,,,,,,,,,437.0,0.565545,0.788476,,,,,,,,,0.519882,,,,0.599812,0.739973,0.523106,,0.340316,,0.563198,,,,,,,,,,,,0.66841,0.748836,,,1.0,,,,,,0.0,,,,,0.524235,,0.596177,,,0.609665,,,0.56724,,,,,
model_106,,,,,0.832109,,,,0.701072,1.0,,,,,,,,,261.0,,,,0.828365,,,,,,,,,,,,,,,0.340316,,,,0.428056,,,,,,,,,,,,,,,,,0.732686,,0.805357,0.0,,,,,,0.84913,,,,,,0.489154,,,,,,
model_110,,,,,,,,,,,,,,,,,,,373.0,,,0.797311,,,,,,,,,,,,,,,,,,,,,,0.341317,,0.419945,,,,,,,,,0.52059,,,,0.732686,,,,,,,,,,,,0.521404,,,,,,,,,
model_104,,,,,,,,,,,,,,,,,,0.809201,229.0,,,,,,,,,,,,,,,,,,,,,,,,,,,,,,,,,,,,,,,,,0.777293,,,,,,,,,0.596177,,,,,,,,,,,
model_138,,,,,,,,,,,,,0.564273,,,,,,341.0,0.565545,,,,,,0.605017,,,,,,,,,,,,0.340316,,,,0.499312,,,,,0.676124,,0.854455,,,,,,,,,,,,,,0.592388,,,0.584919,,,,,,,,,,,,,,
model_8,,,,,,,,,,,,,,,,,,,2138.0,,,,,,,,,,,,,,,,,,,,,,,,,,,0.460013,,,,,,,,,,,,,,,,,,,,,,,0.471895,,,,,,,,,,,
model_89,,,,,,,,,,,,,,,,,0.762868,,1978.0,,0.702141,,0.750054,,,0.56463,0.67758,,,,,,,,,,,,0.64203,,,,,,0.600823,,,,,0.786502,0.843185,,,,0.529253,0.647147,,,0.902112,,,,,,,,,0.891672,,,,,,,,,0.674593,,0.705031,
model_62,,0.551035,,,,,,,,,,,,,,,,,2010.0,,,,0.738409,,,,0.689238,,,0.45563,,0.468605,,,,,,0.577223,0.538266,,,,,,,,,,,,,,,,,,,,,,,,,,,,,,,,,,,,,,,,,0.82889
model_76,,0.57362,,0.813835,,,,,,,,,,,,,,,970.0,,,,,,,,,,,,,,,,,,,,,0.75657,,,,,,,,,,,,,,,0.529253,,,,,,,,,,,,,,,,0.552633,,,,,,0.674593,,,
model_77,,,,,,,,0.623042,,,,,,,,,,,2154.0,,0.743131,,,,,,,,,,,,,,,,,,,,,,,,,,,,,,,,,,,,,,,,,,,,,,,,,,,,,,,,,,,
model_63,,0.569515,0.849825,0.799342,0.758951,,,,,0.280106,0.767667,0.747595,,,0.530373,0.698694,,0.744161,1210.0,,,,,,,0.588877,0.717421,,,,,,0.648661,,,0.493271,0.864346,,0.736743,0.807214,0.901649,,,,,,,,,0.78211,0.843185,,,0.601634,0.529253,0.632781,,,,,0.78285,,0.53935,0.876742,,,,,,,,,0.506683,0.5881,,,,0.719981,,
model_88,0.667088,,,,,,,,,,,,,,,,,,4474.0,,,,,,,,,,,,,,,,,,,,,0.723741,0.830774,,,,,,,,,,,,,,,,,,,,,,,,,,,,,,,,,,,,,,,
model_139,,,0.847004,,,0.756318,,0.887127,,,,,,,,,,,1061.0,,,,,0.383293,,,,0.550032,,,,,,,,,,,0.517882,,,0.428056,,,0.631429,,,0.730173,0.880072,,,,,,,,,,,,,,,0.939942,,,,0.84913,,0.766379,,,,,,,,,,
model_105,,,,,0.8385,0.756318,,0.887127,,,,,,,,0.858453,0.652237,,181.0,,,0.797311,,0.415124,,0.619431,0.74398,,,,0.34136,,0.719091,0.63616,,0.533442,,,0.460199,0.586483,0.59651,0.499312,0.912612,,,0.419945,,,0.880072,,,,,,,,0.0,,,,,0.0,,0.939942,,,,,0.596177,0.766379,,0.609665,0.459078,0.489154,0.565224,0.636182,,,,
model_111,,0.619405,,0.705841,0.8385,0.756318,0.633228,0.887127,,,,,,0.512604,0.407429,0.858453,,,613.0,,,0.791781,,0.415124,,,,0.550032,,0.519882,0.373268,,0.719091,,,,0.648438,0.311124,,,0.602168,0.499312,1.0,,0.689116,,0.676124,,0.880072,,0.663691,0.66841,0.748836,,0.443279,,0.0,0.64851,,,,,,0.91254,0.796611,0.584919,0.524235,0.842372,,,0.521404,,,,0.573827,0.636182,0.348271,,,
model_129,,,,,0.8385,,0.611702,,,,,,,,,,,,389.0,,,,0.828365,,,,,,,0.519882,,0.470473,,0.63616,,0.533442,,,,,0.602168,,,,,,,,,,,,0.735642,,,1.0,,,,,,,,,,,,,0.596177,,,,,0.489154,0.565224,,,,,
model_115,,,,,0.8385,,,0.887127,,,,,,,,,,,373.0,,,,,,,,,0.541275,,,,,,,,,,,,,,,,,,,,,,,,,,,,,,,,,,,,,,,,,,,,,,,,,,,,
model_101,,,,,,,,0.887127,0.675873,,,,,,,0.858453,,,437.0,,,,,0.415124,0.657567,,,,,,,,,,,,,,,0.586483,,,,,,,,,,,,,,,,,,,,,,,,,,,,,,,,,,,,,,,,
model_67,0.656698,,0.845976,,,0.681076,,,,0.245638,,0.690256,,,,,,0.729422,2186.0,,,,0.730105,,,,0.646781,,,,,,,,0.762501,,0.778167,,,,,,,,,0.425936,,0.652909,,,0.798939,0.762687,,,,,,,,,0.762163,,,,,,,,0.493439,,,0.643215,,,,0.619937,0.602514,,0.711107,
model_73,,,0.845976,,,,,,,,,,,,,,0.746192,,954.0,,,,0.761156,,,,,,,,0.624632,0.488837,,,,,,,,,,,,0.560627,,,,,,,,,,,,,,,,,,0.364543,,,0.713983,,,,,,,,,,,,,0.711681,,
model_72,,,,,,,,,,,,,,,,,,,1978.0,,,,,,,,,,,,,,,,,,,,0.686129,,,,,,,,,,,,0.829084,,,,,,,,,,,,0.533825,,,,,,,,,0.64638,,,,,,0.711681,,
model_66,,,,,,,0.678583,,,,,,,,,,,,1050.0,,0.72452,,,,,,,,,,,,,,,,,,,,,,,,,,,,,,,,,0.600749,,,0.501423,,,,,,,,,,,,,,,,,0.584046,,,,,,
model_99,,,,,,,,,,,,,,,,,,,1866.0,,,0.88501,,,,,,,,,,,,,,,,,,,,,,,,,,,,,,,,,,,,,,,,,,,,,,,0.515231,,,,,,,,,,,
model_100,,,,0.820464,,,0.658625,,,,,,0.400174,,,,0.77064,,1978.0,,,0.88501,0.785519,0.544725,0.873891,,0.7104,,0.720787,,,0.474964,,,,0.497577,0.835172,,,,,,,,0.594346,,0.761975,,0.793714,,,,,,,0.741071,,,,,,,,,,0.506134,,,,,,,,,,,0.618907,0.741334,,
model_114,0.851171,0.608633,,0.69903,0.800386,,0.605484,,,,0.809858,,0.607122,0.496689,0.407429,,0.710219,,965.0,0.565545,0.788476,,,0.415124,,0.619431,,0.550032,,,,,,0.627701,0.740079,,,0.340316,,,0.602168,,,,0.596684,,,0.72919,0.876365,,0.663691,,,,0.443279,,0.0,0.643371,,0.777293,,0.0,,,0.796611,,0.502288,,,,0.521404,0.609665,0.411707,,,,,,0.734181,0.542529
model_128,,,,,,0.756318,,,,,,,,,,,0.710219,,965.0,,,,,,0.725915,,,,,,0.373268,,,,,,,,,0.586483,,,,,,,,,,0.814761,,,,,,,,,,,,,,,0.789631,,,,,,,,,,,0.636182,,,,
model_102,,,,,,,0.611702,,,1.0,,,,,,,,,533.0,0.565545,0.788476,,,,,,,,,,,,,,,,,0.340316,,,,,,0.341317,,,,0.730173,,,,,,0.523759,0.443279,,,,,,,,,,0.796611,0.584919,,,,,,,,,,,,,,
model_116,,,,,,,,,,,,,0.564273,,,,,,357.0,,,,,0.383293,,,,,,,,,,,,,0.648438,,,,,,0.870963,,,,,,0.880072,,,,0.748836,,,,,,0.732686,,0.805357,,,,,,,,,,,,,0.489154,0.565224,,,0.43069,,
model_70,,,,,,0.700535,,,,,,,,,,0.710256,,0.744161,2074.0,,,,,,,0.57989,,,,0.464062,,,,,0.767756,,,,0.686129,,,,0.776121,,,,,,,,,,0.761727,,,,0.501423,,,,0.827788,,,,,,0.595461,,0.515231,0.840454,,,,0.584851,,,0.674593,0.719981,,
model_64,,,,,0.758951,,,,,,,,,,,,,,1002.0,,,,,,,,,,,,,,,,,,,,,,,,,,,,,,,,,,,,,,,,,,,,,,,,,,,,,,,,,,,,,
model_58,,,,,,,,,,,,,0.377104,,,,,,1706.0,,,,,,,,,,,,,,,,,,,,,,,,,,,,,,,,,0.770096,,0.596935,,,,,,,,,,,,,0.615376,,,,,,,,,,0.645551,,,
model_59,,,0.804717,,,,,0.623042,,,,,,,,,,,1818.0,,,,,,,,,,,,,,,,,,,,0.663068,,,,,,0.610572,,0.747265,,,,,,,,,,,,,0.803537,0.852249,,,0.910232,,,,,,,,,,,,,,,0.740737,
model_65,,,,,0.790502,,,,,,,,0.409623,,,,0.77064,,954.0,,,,,,,,,,,,,,,,,,,,,,,,,,,,,,,,,,,,,,,,,,,,,,,,,,,,,,0.50147,,,,,,,
model_71,,,0.824831,0.803683,0.74707,,,,,,,,,,,,0.66217,0.715831,1930.0,0.643364,,,,0.533922,0.873891,0.57989,,,,0.45563,,,,0.604406,,0.484879,0.751738,,,,,,,,,,,,,,,,0.782887,,,,,,,0.765919,,0.419111,,0.903608,,,,,,,,0.664777,,0.579718,,0.621279,,,,
model_117,,,,,,,,,,,,0.834759,,,,,,,341.0,,,,,,,,,,,,,,,,,,,,,,,,,,0.596684,,,,,,,0.66841,,,,,,,,,,,,,,,,,,,0.521404,,,,,,,,,
model_103,,,,,,,,,,,,,,,,0.766926,,,485.0,,,,,,,,,,,,,,,,,0.475151,,,,,,,,,,,,,,,,,,,,,,,,,,,,,,,,,,,,,,,,,,,0.649467,
model_126,,,,,,,0.633228,,,1.0,,,0.69641,,,,,,437.0,,,,,,,,0.74398,,0.668068,,0.373268,,,,,,,,0.517882,,0.602168,,1.0,,,,,,,,0.663691,,,,0.52059,,,,,,,,,0.939942,,,,,,0.766379,,,,,,,,,,
model_132,,,,,,0.756318,0.633228,,,1.0,,0.830078,,,,,0.710219,,485.0,,,,,0.383293,,0.610143,,,0.671273,,0.34136,,0.686937,0.622027,,,,,,,,0.499312,0.912612,0.315391,0.533674,0.398998,,,,0.846107,,0.66841,,0.537845,0.52059,1.0,,,,0.777293,0.805357,,,,,0.584919,,,,,,,,,,0.626907,,,0.734181,
model_2,,,,0.744323,,,,,,,,,,,,,,,2138.0,,,,,,,,,,,,,,,,,,,,,,,,,,,,,,,,,,,,,,,,,,,,,,,,,,,,,,0.438532,,,,,,,
model_97,0.53706,,,,0.651961,,0.556574,,,,,0.694726,,,0.481492,,0.671842,0.68758,4026.0,,,,,,0.660295,,,0.486393,0.697557,0.428962,,,0.567447,,0.753946,0.462659,0.731436,,0.512021,,0.779431,0.53529,,,,0.394652,,,0.752666,0.682865,,0.743685,,0.575784,,,,0.598016,0.815502,0.758377,,0.346074,,,0.664457,,,,,,,,0.446126,0.564784,0.526753,,0.515125,,,
model_83,,,,,,0.681196,,,,,,,,,0.518038,,,,3274.0,,,,,0.543712,,,,,,,,0.495382,,,,,,0.574687,,,,,,,,,,0.752825,0.789086,,0.843185,0.775837,,,,,,,,,,,,,,,0.605255,,,,0.546943,,,,,0.631869,,,0.740737,
model_68,,0.564555,,,0.785198,0.674291,,,0.580405,,0.778083,,0.377104,0.616331,,,0.789615,,2058.0,,0.743131,0.851062,,,,,,,,0.463665,,,,,,0.484879,,0.597712,,,,,0.776121,,,0.469769,,0.737631,,,,,,,,,0.501423,0.623878,,0.803537,,0.531852,0.537385,,0.696994,,,0.890486,0.493439,0.819442,,0.683035,,,0.612225,,,,,0.855245
model_54,,,,,0.741887,,,,,0.389532,,,,,,,,0.73825,1514.0,,,,,,,0.57989,,,,,,,,,,,,0.607526,,,,,,0.628383,,,,,,,,,0.745943,0.615075,,,,,0.902112,0.813813,,,,,,0.511395,,0.900346,0.522263,0.840454,,,,,,0.627439,,,,
model_40,,,,,,,,,,,,,,,,,,,1274.0,,,,,,,,,,,,,,,,,,,,,,,,,,,,,,,,,,,,,,,,,,,,,,,,,,,,,,0.491356,,,,,,,
model_41,,,,,,0.661892,,,0.593303,,0.739955,,,,,,,,3882.0,,,,,,0.83864,,,0.522157,,,,,,,,,,,,,,,,,,0.443684,0.768854,0.790319,,,,,,,,,,,,,,,,,,0.501,,0.89923,,,0.53909,,,,,,,,,
model_55,0.625489,0.572777,0.87482,,,,,,0.593303,,,,,,,0.734108,0.77064,0.750353,1018.0,0.66249,,,,0.544725,,0.549869,,,0.719734,,,,,,0.767659,,,0.607526,0.736743,,0.898315,0.630652,,,,,,,0.79628,,0.855004,,0.751099,,0.474937,0.647147,,,,0.803537,0.852249,0.419111,0.543412,,,0.506262,0.608834,,,,,,,,0.612225,0.629646,,,,0.895563
model_69,,0.557572,,,,,,0.581252,,,,0.712142,,0.599896,,0.70148,0.689863,,2346.0,0.650851,,,,,,,,,,,,,,,,0.497577,,,0.538266,,,0.630652,,,,0.441612,,,,0.777533,,,,,,,,,,,,,,,,,,,0.493619,,,0.690583,,,,0.630565,0.571715,,0.740156,
model_82,,,,,,,,,,,,,,,,,,,1434.0,,,,,,,,,,,,,,,,,,,,,,,,,,,,,,,,,,,,,,,,,,,,,,,,,0.888034,,,,,,0.581602,,,,,,
model_96,,,,,,0.649942,0.658625,,,,,,,,,,,,1610.0,,,,,,,,0.683926,,0.720036,,,,,,,,,,,,,,,,0.600857,,,,,,,,,,,,,,,,,,0.539018,,0.717218,,,,,,,,,0.584046,,,,,,
model_3,0.657552,,,0.803683,,,,,,,,,,,,,,,1930.0,,,,,,,,,,,,,,,,0.765679,,,,,,,,,,,,,,,,,,,,0.473542,,,,,0.778061,,,,,,,,,,,,,,,,,,,,
model_133,,,,,,,,,,,,,,,,,,,245.0,,,,,,,,,,,,,,,,,,,,,,,,,,,,,,0.880072,,,,,,,,,,,,,,,,,,,,,,,,,,,,,,,0.568225
model_127,,,,0.69903,,,,,,,,,,,,,,,261.0,,,,0.828365,,,,,,,,,,,,,,,,,,,,1.0,,,0.419945,,,,,0.663691,,,,,,,,,,,,,,0.763418,,,,,,,,,,,,,,,0.568225
model_131,,,,,,,0.633228,,,1.0,,,,,,0.858453,,,325.0,,,,0.805106,,,0.619431,,,,,,,,,,,,,0.461166,,,,,,,,,,,,,,,,,,,0.64851,,,,,,,,,,,,,,,,,,,,,0.734181,
model_125,0.851171,,,,,,,,,0.264545,,,0.69641,,,,0.682094,,261.0,,,,,,,,,,,,,,,,,,,,,,,,,,,0.419945,,,,,,0.66841,,0.523759,,,,,,0.777293,,,,,0.796611,0.584919,,,,,0.499665,,,,,,,,,
model_119,0.851171,0.598229,,,,,,,,,,,,0.512604,,,,,581.0,,0.756477,0.797311,,,,,,,0.671273,,,0.499897,0.719091,,,,,,,,,,,,0.631429,,0.676124,,0.85009,0.846107,,,,,0.52059,,,0.64851,0.732686,,0.805357,,0.587866,,0.747015,,,,0.596177,,,,0.459078,,0.56724,,0.348271,,,
model_1,,,,,,,,,,,,,,,,,,,1978.0,,,,,,,,,,,,,,,,,,,,,,,,,,,,,,,,,,,,,,,,,,,,,,,,,,0.500495,,,,,,,,,,,
model_80,,,,0.788781,0.735953,0.681076,,,,0.325856,,0.740923,0.419528,0.630399,0.518495,,0.701674,,1258.0,0.634965,,,,0.538484,,0.57989,0.694255,0.51819,,,0.670606,,,,0.766203,,,,,,0.896562,0.619167,,0.589954,0.602459,0.433633,,,,,,,,0.598879,,,,,,,,,,,,,,,,,,0.657728,,,,0.630944,,,,
model_94,,,,,,0.674291,,,,,,,,,,,,,1978.0,,,,,,,,,,,,,,,,,,,,,,,,,,,,,,,,,,,,,,,,,,,,,,,,,,,,,,,,,,,0.662715,,
model_43,,,,0.813835,,0.700535,,,0.573014,,,0.727452,0.400174,,,,,0.750353,986.0,,0.762722,,0.776269,,,,,,,,,,,,,,,,0.603262,0.807214,,,,0.628383,,,,,,,,,,,,,,,,,,,,,0.712413,,0.605255,,,,,,,,,,,,0.740737,
model_57,,,,,,,,,,,,,,,,,,,2058.0,,,,,,,,,,,,,,,,,0.493153,,,,0.735944,,,,,,,,,,,,,0.745943,,,,,,,,,,,,,,,,,,,,,,,,,,,
model_56,,,,,,,,,,,,,,,,,,0.720803,1994.0,,,,,,,,,,,,,,,,0.765608,,,,,,,,,,0.589563,,,,,,0.840988,,,,,,,,,,,,,,,,0.595461,,,,,,,,,,,,,
model_42,,,,,,,,,,,,,,,,,,,1274.0,,,,,,,,,,,,,,,,,,,,,,,,,,,,,,,,,,,,,,,,,,,,,,,,,,,,0.526838,,,,,,,,,
model_95,,,0.790546,,,,,,,,,,,,,,,,1594.0,,,,,,,,,,,,,,,,,0.470881,,,0.593089,,,0.587092,,,,,,,,,,,,,,,,,,,,0.531852,,0.873165,,,,,,,,,,,,,,,,
model_81,,,,,,0.688411,,,,0.389532,,,,,,0.741738,,0.74138,1850.0,,0.756297,0.840035,,,0.83864,,,,,0.46112,,0.495255,,,,,,,,,,,,,,,,0.714974,,,,,0.782887,,0.501482,,,,0.91744,,,,,0.906537,0.698011,,,,,0.823156,,,,,,,,0.699823,,
model_118,,,0.768621,,,,,0.682276,,1.0,,,,0.480566,0.397892,,,,677.0,,,,,,,,,0.493076,0.655094,,0.340028,,0.658767,0.61344,,,,0.340316,0.380706,,,,,0.341317,,0.380041,,,0.807449,,,0.627082,,,,0.693859,0.0,0.64851,,,0.699676,,0.574883,0.839117,0.763418,0.569768,0.502288,,0.547614,,,,,,0.53524,0.612328,0.271649,,0.697402,
model_124,,,0.80591,,0.825192,,,,,,,,,,0.383463,,,,581.0,,,0.797311,0.816684,,0.725915,,,,,,0.373268,,,,,,,,,,,0.499312,,,,,,,,,,,,,,,,,,0.777293,,0.0,,,,,,,,,0.521404,,,,,0.630719,,,,0.546769
model_130,,,,,0.770993,0.711457,0.52586,0.554851,,0.0,,,,0.496689,,0.765164,,0.786039,373.0,,0.638197,,,,,,0.704313,,,,,,,,,,0.602467,,,,,,,,,0.398998,,,,0.839949,,,,,,,,,,0.704363,,,,,,,,,,,,,,,,,,,,0.475803
model_108,,,,,,,,,,,,,,,,,,,869.0,,,,,,0.725915,,,,,,,,,,,,,,,,,,1.0,,0.689116,,,,,,,,,,,,,,,,,0.0,,,,,,,,,,,,,,,,,0.734181,
model_134,,,,,,,,,,,,,0.564273,,,,,,261.0,,,,,,,,,0.533854,,,,,,,,,,,,,,,,,,,,,,,,,,,,,,,,,,,,,,,,,,,,,,,,,,,,
model_120,,,,,,,,,,,,,,,,,,,773.0,,,,,,,,,,,,,,,,,,,,,,,,,,,,,0.730173,0.854455,,,,,,,1.0,,,,,0.805357,,,,,,,,,,,,,,,,,0.597356,,
model_4,,,0.853487,0.827379,,0.661892,0.679344,,,0.389532,,,0.382527,0.630399,,,,,1914.0,,,,0.785519,,,,0.694255,0.521845,,0.453649,,,,0.592979,0.766242,0.489039,0.850752,,,,0.87098,,,0.628383,,0.451701,0.726855,,0.774205,0.786502,,,,0.608907,,,0.333903,0.64349,0.902112,0.800267,,,,,,0.506134,,,0.522263,0.806557,,0.683035,,,0.62583,0.629646,,,0.711107,
model_85,,,0.809365,0.831025,0.790502,,,0.60846,0.593303,,0.782316,,,0.618771,,0.72739,,0.750353,2890.0,,,,,,0.873891,,,0.514793,0.721618,,0.606383,,,,,,0.866925,0.584281,,,0.901649,,,0.599406,,,0.747265,0.790319,,,0.843185,,,,,,,,,0.816912,,,0.540326,,,,,0.911419,,0.823156,0.540073,0.683589,,,0.609251,,,0.741334,,0.895563
model_91,,,,,0.776819,0.681076,,,0.585748,,,0.737386,,,,,,,1834.0,,,,0.767235,,,0.57989,,,,,0.647738,,0.631929,0.615598,0.768006,0.489039,0.864346,0.600974,0.686129,,,,,,0.600823,0.469769,0.733536,0.750761,,0.722613,0.843185,,0.716258,,0.514909,,,,0.89873,,0.852249,0.531852,,0.92714,0.717218,0.500979,0.605255,0.908375,,,0.552633,,,,,,,,,
model_46,0.657552,0.548388,0.809365,0.761642,,,,0.53654,,,,0.695248,,,,0.7071,,,2346.0,,,0.815425,,,,,0.667335,,0.716246,,,0.474964,,,,,0.765111,0.574687,,,,,,,,,,0.636948,,,,,,,,,,0.617664,,,,,,,,,,,0.486579,,,0.672289,,,,,,,0.683969,
model_52,,,,,,,,,,0.0945583,,,,,,,,0.729422,2778.0,,,,,,,,,,,,,,,,0.7548,,,,,,,,,,,,,,,0.677816,,,,,,,,0.603272,,,0.719562,,,,,,,0.884142,,,,,0.486935,,,,,,,
model_53,,,,,,,,,,,0.782316,,,,,,,,1914.0,,,,,,,,,,,,,,,,,,,,,,,,,,,,,,0.786494,,,,,,,,,,,,0.804692,,,,,,,,0.522263,,,,,,,,,,,
model_47,,,,,,,,,,,,,,,,,,,2442.0,,,,,,,,,,,,,,,,,,,,,,,,,,,,,,,,,,,,,,,,,,,,,,,0.506262,,,,,,,,,,,,,,
model_90,,0.543146,,,,0.634448,0.59875,,,,,,,0.60787,,,,0.704161,3066.0,,,0.831868,,,,,,,,,,,,,,,,,,,,,,,,0.431146,,0.600482,,,,,,,,0.665179,,,,0.786238,0.681695,,,,,,,,,,,,,,,,,,,0.801293
model_84,0.553125,0.525097,,,,0.577726,,0.47426,,0.179439,0.602516,0.692217,,,0.463871,0.656106,,,2682.0,,,,0.693842,,0.556372,,0.609976,0.468735,0.695054,,,,,,,,0.794784,,0.430613,,0.774082,0.590208,,,0.546421,,0.611508,,,,,0.690068,,0.527577,,,,,0.705619,0.680926,0.540151,0.123358,,0.811294,,0.439875,,,0.464234,,,,,,0.579516,,,,,
model_5,,,,,,,,,,,,,,,,,,,1962.0,,,,,,,,,,,,,,,,,,,,,,,,,0.595021,,,,,,,,,,0.608907,,,,,,,,,,,,,,,,,,,,,,,,,0.740737,
model_121,0.851171,,,0.705841,0.8385,,,,,,,,,,,,,,1237.0,,,,,,,0.619431,,,,,0.373268,,,,,,,,,,,0.499312,,,,,0.676124,,,,,,0.748836,,0.52059,,,,,,,,,,,,0.524235,,,0.766379,,0.609665,0.459078,,,0.636182,,,,
model_135,,,,,,,,,,,,,,,0.407429,0.858453,,0.809201,261.0,,,,,,0.725915,,,0.550032,0.674391,,,,,,0.739828,0.533442,,,,,,,0.837883,0.341317,,,,,,,,,,,,,,,,,,0.0,,0.939942,,0.584919,,,0.596177,,,,,0.489154,,,,,,
model_109,,,0.80591,,,,,,,1.0,,0.834759,,,0.407429,,,0.794051,1173.0,,,,,,,,,,,0.519882,,,,,,,,,,,0.602168,,1.0,,,0.419945,,0.730173,,,,0.66841,0.748836,0.537845,,,,0.64851,,,0.805357,0.0,0.592388,,,0.569768,,,,,0.499665,,,0.485107,0.573827,,0.442524,0.597356,,
model_123,,,,,,,,,,,,,,,,,0.652237,,389.0,,,,,,,,,,,,,,,0.622027,,,,,,,,,,,,,,,,,,,,,,,,0.64851,,,,,,,,,,,,,,,,,,,,,0.705943,
model_137,,,,,,,,,,,,,,,,,,,325.0,,,,,,,,,0.542633,,,,,0.686937,,,,0.648438,,,,0.602168,,,,,,,,,,,,,,,,,,,0.777293,,,,,,,,,,,,,0.459078,,,0.627925,,,,
model_7,,,,,0.771442,,,,,,,,,0.612349,0.536996,,0.671842,,3242.0,,0.756297,,,,,,,,,,0.670606,,,,,,,,,,,,,,,,,,,,,,,,,,,,,,,,,,,,,,,,,,,,,,,,,
model_92,,,,0.801439,,0.668075,,0.594545,,,,,,,,0.702956,,,4426.0,0.64674,,,0.773603,,,0.554503,,,0.70915,,0.647738,,,0.608784,,0.484184,0.832096,,,0.716414,,,,,,,,,,,,,,,,,,,,0.762208,,,,,,,,,,0.798431,,,,,,,,0.699823,,
model_86,,,,,,,,,0.55461,,,,,,,0.698694,,,2778.0,,,,,,,,,,,,,,,,,,0.804296,,,,,,0.671083,0.58219,,,,,0.755633,0.726002,,,,,,,,0.612167,,,,,,,,,0.567894,,,,,0.664839,,,,,,,,0.810233
model_51,,,0.845976,,0.771442,,,,,,,0.731074,0.419528,,,,0.737874,,3370.0,,,,,,,,,,0.718674,0.45563,,0.495382,,,,,,,0.663068,0.761964,0.87098,0.600957,,,0.605659,,,0.750761,,,,,,,0.464548,,,,,0.813813,,,,,,,0.585979,,0.514795,0.819442,,0.672105,,0.584851,,,,,,
model_45,0.687907,0.558794,0.871611,,0.765798,,,,,,0.739179,0.71398,0.380353,,,0.721047,0.737874,,1162.0,,,0.872233,0.755596,,0.68611,,0.672827,,0.71543,,,0.502105,,,,0.480459,,,,,,,,0.58219,0.594346,,0.739961,,,0.751185,0.796339,0.767678,,,,0.741071,0.290338,,0.91744,,,,0.538369,,0.705907,,0.576795,,0.514795,0.798845,,,0.501529,0.578353,,,,,0.729923,
model_79,,,,0.818548,,0.668075,,,,,,,,,,,,,2330.0,0.654868,,,,,,,,,,,,,,,,,,,,,,,,,,,,,,,,,,,,,,,,,,,,,,,,,,,,,,,,,,,,
model_78,0.710067,0.55251,0.824664,,,0.674291,0.658625,,0.565809,0.389532,,,,,,,0.746192,0.715704,2042.0,0.650851,0.762722,,0.764494,,,,0.678109,0.51819,0.715708,,,,,,,,,0.570083,,,,,,,,,0.69954,0.684159,0.755633,0.756518,,,0.751202,,,0.632781,,,,,0.742541,,0.540326,,,0.485556,0.595461,,0.486195,0.811526,0.527513,,0.50642,0.574202,,0.619937,,,,
model_44,,,,,,,,,,0.325856,,,,,,,,,2442.0,,,,,0.537622,,,,,,,,,,,,,,,,,,,,,,,,,,,,,,,,,,,,,0.78285,,,,,,,,,0.775659,,,,,,,,,,
model_50,,,,,,,,,,,,,,,,,,,2794.0,,,,,,,,,,,,0.647738,,,,,,,,,,,,,,,,,,,,,,,,,,,,,,,0.530984,,,,,,,,,,,,,,,,,,
model_87,,,0.772583,0.801439,,,,,,,0.782316,,,0.610064,0.511727,0.72739,,0.731758,1546.0,,0.72452,0.84668,0.758408,,,0.541111,,0.493637,,,0.647738,0.474964,0.630532,,,0.466734,,0.565403,,0.680306,,,,,,,0.663307,0.667309,0.764806,0.717237,,0.768455,,,,,0.222761,,,0.748907,,0.262822,,0.858178,0.675642,,0.587559,0.878201,,,,,0.501529,,,0.609742,,,0.717555,0.893045
model_93,,,,,,,,,,,,,,,,,,,2922.0,,,,,,,,,,,,,,,,,,,,,,,,,,,,,,,,,,,,,,,,,,,,,,,,,,,,,,,,,0.616923,,,,
model_6,,,,,,,0.614151,,,,,,,,,,,,2266.0,,,,,,,,,,,,,,,,,,,,,,,,,,,,,,,,,,,,,,,,,,,,,0.910232,0.720381,,,,,,,,,,,,,,0.696293,
model_136,,,,,,,,,,,,,,,0.407429,,,,325.0,,,,,,,,,,,,,,,,,,0.624608,,0.462326,,0.602168,,,,,,,0.682168,,,,,,,,,,0.616334,,,0.766752,,,,0.730226,0.569768,,,,,,,,,,,0.348271,,,
model_122,,,,,,,,,,,0.72521,,,,,,0.523954,,645.0,,,,,,,,,,,0.493115,,,,,,,,,,,,,,,,,,0.644108,,,,,,,0.341913,,,,,,,,,,,,,,,,,,,,,,,,,
model_186,,,,,,,,,,,,,,,0.388791,,,,373.0,,,,,,,,,,,,,,,,,,,,,,,,,,,,,,,,,,,,,,,,,,,,,,,,,,,,,,,,0.560446,,,,,0.520873
model_192,,,,,,,,,,,,,,,,,,,469.0,,0.725987,,,,,,,0.541275,,,,,,,,,,,,,,,,,,,,,,0.846107,,,,,,,,,,,,,,,,,,0.836509,,,,,,,,,,,,
model_145,0.741042,0.619405,,0.705841,0.811638,0.756318,0.611702,,0.701072,,0.809858,,,,0.397892,,,,453.0,0.546233,,0.738427,,,,,,,0.671273,0.502029,,,,,,0.503884,,,,0.586483,,,,,,,0.676124,0.64458,0.854455,0.846107,,0.661813,,0.523759,,0.693859,,0.634099,,0.744153,0.805357,,,,0.782156,0.569768,,,,0.766379,,,0.411707,0.469744,,,0.442524,,0.714015,
model_151,0.851171,,,,,,,,,,0.809858,,,0.512604,,0.858453,,0.809201,421.0,,,,,0.415124,,,,,,,,,0.686937,,0.739578,,0.648438,0.340316,0.517882,0.563198,0.564732,,,,,,,,,,0.663691,,,,0.52059,,,0.64851,0.732686,,0.805357,,0.592388,,,,,0.84913,0.596177,0.766379,,,0.341315,,0.573827,0.631511,,,,
model_179,,,,,,,,,,,0.780191,,0.69641,,,,,,373.0,,,,0.816684,0.383293,,,0.727058,,,0.519882,0.373268,,,,,,0.624608,,,,,,,,0.689116,,,,0.876365,0.846107,,,,,,,,,0.711553,,,,,,,,0.478696,,,0.766379,,,,0.481584,,,0.348271,,,
model_37,,,,,0.725573,,,,,,,,0.356316,,0.518038,0.7071,,,2186.0,0.633021,,,,,,,,,,,,,,,,,,,,,,,,,,,,,,,0.831546,,,,,,0.400854,,,,,,,,0.683284,,,,0.493439,,,,,,,,,,,
model_23,,0.539777,,,,,,,,0.202474,,,,,,,,,1898.0,,0.618415,,,,,0.542386,0.688178,0.507741,,0.434622,,0.459179,,0.591172,,0.475963,,,,,,0.550803,,0.566356,,0.418508,0.60602,,,,,0.73613,,0.548891,,,,,,0.778061,,0.1782,,,,,,0.842131,,0.732681,,,0.491529,0.563525,,,0.618907,0.718825,0.686127,
model_22,,,,,,,0.672038,,,,,,,0.620231,,,0.762868,,3610.0,,,,,,,,,,0.718141,,,,0.648661,,,,,,,,,,,,,,,,,,,,,,,,,,,,,,,,0.698011,,,,,,,,,,,,,,,0.87494
model_36,,,,,,,,,,,,,,,,,0.661749,,970.0,,,,,,,,,,,,,,,,,,,,,,,0.582746,0.680054,,,,,,,,,,,,,,,,,,,,,,,,,,,,,,,,,,,,,
model_178,,,0.847004,,,,,,0.650369,,,,,,,,,,373.0,,,,,,,,,,,0.519882,,,,,0.739703,,,0.311124,,,,,,,,,,,,,,,0.747451,,,,,,,0.777293,,,,,0.796611,0.584919,,,0.560969,,,,,,,0.636182,,,,
model_150,,,0.847004,,,,,,,,,,0.69641,,,,,,389.0,,,,,,,,,,,,,,,,,,,0.340316,,,,,1.0,,,,,,,0.846107,0.663691,0.66841,0.748836,,,,,0.64851,,,,,,,,,,0.84913,0.596177,,,,,,,,,,,0.542529
model_144,,,0.768621,,,,,,,,,0.830078,0.69641,,,,,,197.0,,,0.776666,,,0.578694,0.610143,,0.52619,,,,0.499897,,,,0.51425,0.531589,,,,,,,,,,,,,0.846107,,,,,,1.0,,,,,,,0.581475,,,,,,,0.716452,,,,,,,,0.43069,,0.513161
model_193,,0.608633,,,,,0.633228,,,1.0,0.809858,,0.564273,,0.39288,,,,373.0,,,,,,,0.619431,,0.550032,,0.519882,0.314484,,,,,,0.648438,,,,0.602168,,1.0,,0.596684,,,,,,,,,,,,0.0,0.643371,,0.713724,,0.0,,,,,,,,,,,,,0.56724,,,,,
model_187,,0.619405,,,0.8385,,0.633228,,,1.0,0.802339,,0.69641,,,,,,421.0,,0.788476,,,,,,,,0.67123,,0.373268,,,,,0.533442,,,0.517882,0.586483,,,,,,,,0.730173,,0.846107,,,,,0.52059,,,,0.732686,0.777293,0.805357,0.0,0.592388,,,,,,,,0.521404,,,,0.573827,,,,,
model_191,,,,,,,,0.887127,0.650369,,,,,,0.388791,,0.710219,,389.0,,,,,,,,,,,,,,,,0.739452,,,,,,0.602168,,0.912612,,0.689116,,,,,,0.663691,0.661813,,0.523759,0.52059,,,,0.732686,,,,,,,0.584919,0.524235,,,,,,,,,,,,,0.542529
model_185,,,,,,,,,,,,0.834759,,,,,,,421.0,,,,0.825875,,,,0.727058,,,,,,,,0.739973,,0.648438,,,,,,1.0,,,,0.676124,,,,,,,,,,,,,,,0.0,,,,0.569768,,,,,,0.609665,,,,,0.348271,,,
model_152,,,,0.690223,,,,,,,,,0.564273,,,,,,389.0,,,,,,,0.605017,,,0.672319,,0.373268,,,,,,,,,,0.602168,,,0.282163,,0.419945,0.676124,0.730173,0.880072,0.814761,,,,,,,,,,,,,,,,,,,,,,,0.459078,,,0.636182,,,,
model_146,,,0.847004,0.690223,,,,,,0.307301,,0.834759,0.69641,,,,,0.809201,485.0,,,,,,,0.619431,0.74398,,,,,,,,,,0.648438,,,0.563198,,,1.0,,,0.419945,,,,,0.646711,,0.748836,,0.52059,,,0.643371,,,,,,,0.796611,,,,,0.740575,,,,,,,0.442524,,,
model_20,0.676868,,,,0.771442,,,,,,,,,,,,,,1146.0,,,0.8505,,,,0.588877,,,0.719734,0.463665,,,,0.611247,,,,,0.736743,,,,,,,0.449891,0.768854,,,,,0.746781,,,0.514909,0.701076,,,,,,0.419111,,0.907182,0.698011,,,0.910427,0.522263,,,0.67912,,,,0.626552,0.674593,,0.751876,0.895563
model_34,,,,,,,,,,,,,,,,,,,1034.0,,,,,0.492977,,,,,,,,,,,,,,,,,,,,,,,0.655267,,,,,,,,,,,,,,,,,0.908422,,,,,,,,,,,,,,0.652374,,
model_35,,,0.83317,,,0.687163,0.6507,,,,,0.73375,,,,,0.714466,,1178.0,,,,,,,,,,,,,,,,,0.493271,,,,,,,,,,,,,,,,,0.711609,,,,,,,,,,,,,,,,,0.815569,,0.649688,,,0.620669,,,,,
model_21,,,0.780251,0.764558,,,,,,,,,,,,,,,2330.0,,,,,,,,,,,,0.574468,0.434253,,,,,,,0.463392,,,,0.715064,,,,,0.652745,,0.717237,,,0.745943,,,,0.286121,0.627588,,,0.781598,,,0.868048,,,,,,,0.514586,,,,,,,,0.696293,
model_147,,,,,,,,,,,,,,,,,,0.809201,389.0,,0.788476,,,,0.657567,,,,,,,,0.719091,,0.739598,,,,,,,,1.0,,,,,,,,,,,,,,,,,,,,,0.939942,,0.584919,,,,,,,,,,,,,,
model_153,,,,0.691896,0.832109,,,0.554851,,,,,,,,,,,1317.0,,,,,,,,,,,,,,,,,,0.610295,0.311124,,,,,,,,,,,,,,,0.713228,,,,,0.64851,,0.744153,,,,0.88669,,,,0.836509,,,,0.593129,,,,,,,,
model_184,,,,0.69903,0.8385,0.756318,,,,,,,,0.496689,,,,,485.0,,,0.797311,0.828365,0.415124,,,,,,,,,,,0.739578,,,,,,,,,,,0.419945,,,0.880072,,,,,,,,,0.64851,,,,0.0,,,,,,0.84913,,,,,,,,0.631511,,,0.714015,
model_190,,0.608633,0.80591,,,,,,,,,0.834759,,,,,,0.779458,997.0,0.565545,,,,,,0.619431,,0.550032,,,,,,,,0.494157,,,,,,,,,,,,,,,0.663691,,,0.537845,,,,,0.711553,,,,,0.91254,,,,,,,0.479716,,0.459078,,,,,0.597356,0.714015,
model_194,,,,,0.8385,0.756318,0.611702,,,,,,0.69641,,,,0.710219,,517.0,,,,,,,,0.74398,,,,,0.499897,0.719091,,,,,,,,,,,,,,,,,,,,0.748836,,0.52059,,,,,,,,,,,,,,,,,,,,,0.636182,,,0.714015,
model_180,,,,,,,,,,,,,0.69641,,,,,,357.0,,,0.770734,,,,,,,,,,,,,,0.513163,,,,,0.602168,,,,,,,,,,,,,,,,,,,,,,,,,,,,,,,,,,,,,,,
model_157,,,,,,,,,,,,,,,,,,,453.0,,0.788476,0.797311,,,,,,,,,,,,,,,,,0.462326,,,,,,,,,,,,0.663691,,,,,,,,,,,,,,,,,,,,0.521404,,,,,,,,,
model_143,,,,,,,,,,,,,,,,,,,325.0,,,,,,,,,,,,,,,,,,,,,,,,,,,,,,,,,,,,,,,,,,,,,,,,,,,,0.521404,,,,,,,,,
model_25,,,,,,,0.692403,,,,,,,,,,,,2794.0,,,,,,,,,,,,,,,,,,,,,,,,,,,,,,,,,,,,,,,,,0.803537,,,,,,,,,,,,,,,,,,,,
model_31,,,,,,,,,,,,,,,,,,,970.0,,,,,,,0.557883,,0.507852,0.716246,,,0.495255,,,0.763813,,,,,,,,,,0.597611,,0.726855,0.609229,,0.736021,0.840988,,0.751099,,0.476191,,,,,,,,0.535103,,0.720381,,,,,,,,,,,,,0.733434,,
model_19,,,0.845976,,,0.674291,,,,,0.739955,,0.391152,,0.505704,0.734995,,,2458.0,,,,,,,0.57989,,0.511188,,,,,,,,,,,,,,0.600957,,0.608431,,,,,0.774205,,,0.759689,,,,0.665179,,,,,,,,,,,,,,,,0.657431,0.50147,,,0.62348,,,,
model_18,,,0.845976,0.809903,,,0.678583,,,,,,,0.60787,,0.713042,,,1914.0,,0.711928,,,,,,,,,,,,,,0.765538,,,,,,,,,,,,,,,,0.829363,,,,,,,,,,,,0.539517,,0.691101,,0.605255,0.865779,,,0.532565,,,,,,,,,
model_30,,0.576077,,,0.790502,,0.678583,,0.578383,,,,,,,0.72739,0.762868,,1802.0,,0.72452,,,,,,,,,,,0.495382,,0.595599,,,,0.588209,,,,,,,,0.469769,,,,,,,0.766663,,,,,,,,,,,,,,,,0.507756,,,0.693965,,0.582957,0.634462,,,,,
model_24,,,,,,,,,,,,,0.400174,0.630399,,,,,666.0,,,,,,,,,,,,,,,0.615598,0.767082,,,,,,,,,,,,0.747265,,,0.756007,,,,0.602862,0.514909,,,,,0.803537,0.817299,,,,,0.516423,,,,,,,,,,,,,,
model_142,,0.619405,,,,,,0.887127,,,,,0.69641,,,,0.710219,,229.0,,,,,,,,,,,,,0.499897,,0.622027,0.740079,,,,,,,,,0.341317,,,,0.684711,0.854455,,0.633272,0.643315,0.748836,,,,,,0.732686,,0.805357,0.0,,,0.771016,0.584919,,,,0.757955,0.521404,,,0.489154,0.558606,,,,,
model_156,,,,,,,,,,,,,,,0.407429,,,,357.0,,,,,,,,,,,,,,,,,,,,,,,,,,,,,,,,,,,,0.512072,,0.0,,,,,0.0,,,,,,,,,,,,,,,,,,
model_181,,,,0.705841,,0.671622,,,,,,,,,0.397892,,,,373.0,,,,,,,,,,,,,,,,,,0.602467,,,,0.602168,,,,,,,,0.880072,,,,,,,,,0.64851,,,,,,,,,,,,,0.521404,,,,0.573827,,0.442524,,,
model_195,,,,,0.825192,,,0.887127,,1.0,0.809858,0.834759,,0.512604,,,,0.809201,373.0,,,,,0.413954,,,,,,,,,,,,,,,0.517882,0.586483,,,,,,,,,,,,,,,,,,,,,,0.0,,,,,,,,,,,,,0.573827,,,0.597356,,
model_183,,,,,,,,,,,,,,,,,,,373.0,,,,,,,0.619431,,,,0.519882,0.34136,,0.719091,,,,,,,,,,,0.315391,0.689116,,,,,,,,0.748836,0.537845,0.52059,,,,,,,,0.589228,,,,,,,,,,0.459078,,,,,,,
model_197,,0.612549,,,0.779097,0.711457,,,,,,,,0.481732,,,0.710219,,437.0,,,,,,,,0.710889,,,,,,,,0.735524,,,,,,,,,,,,,,,,0.587431,,,,,,,,0.732686,,,,0.584695,,,,,,,,,,,,,,0.348271,,,
model_168,0.851171,,0.80591,,0.807707,0.756318,,,,,0.752622,,,,0.407429,,,,373.0,,,,,0.383293,0.601003,0.619431,,,,,,0.499897,,,,,0.648438,,,,0.602168,,1.0,,,0.419945,0.676124,0.684711,,,0.646711,,0.748836,0.537845,,,0.0,0.64851,,,,,,,0.796611,0.584919,,,,,,0.609665,,,,0.636182,,,,
model_140,,,,,,,,,,,,,,,0.397892,,,,501.0,,,,,,,0.595607,,,,,,,,,,,,0.340316,,,,,,,,,,,,0.846107,,,,,,,,,0.711553,,0.795054,,,,,,,,,,,,,,,,,,0.734181,0.546769
model_154,,0.605442,0.847004,0.660974,0.8385,,0.611702,0.823365,0.623175,0.0,0.780191,,,,,,,,373.0,,,,0.811364,,,,,,,,,,,,0.735136,,0.562584,,,,,,,0.315391,,,,0.711002,,0.807634,,,0.680852,,,,,,,,0.766752,,0.587866,,,0.555382,,0.844511,,0.740575,0.521404,,0.424156,,0.573827,0.624168,,0.43069,0.705943,
model_32,0.629015,,0.78556,,0.696924,0.668075,,,,0.325856,,,0.391152,0.595991,,,,,986.0,,0.635788,,,,0.806123,0.57989,0.689238,,0.711655,,,,,0.593022,0.76315,,,,0.64203,,,,0.720747,0.576352,,0.431146,,,0.793714,,,,0.725222,,,,,,0.885407,,,,,0.794423,,,,,,,,0.669225,,,,,,0.645599,0.690643,
model_26,,,,0.7972,,,,0.571678,,0.218733,,,0.409623,,,,0.701674,,2954.0,,,,,,,,0.705648,0.525551,,,,,0.639107,,,,,,,,,0.630652,,,,,,,,,,,0.761727,,0.514909,,,,,,,,,,,,,0.890486,,,,,,0.580765,,,,,,
model_27,,,,,,,0.672038,,0.580405,,,0.740923,,0.613988,,,,,778.0,0.658515,0.717444,0.872233,,,,,,0.515222,,,,,,,0.767937,,,,,0.807214,,0.635687,,,,,,,,,,,0.730799,0.592933,,0.665179,,,0.916013,,,0.256902,,,,0.511163,,,,0.806557,0.540073,,0.511702,,0.624093,0.629646,,0.719981,0.736839,
model_33,,,,,,,,,,,,,,,,,,,2442.0,,,,,,,,,,,,,,,,,,,,,,0.873028,,,,,,,,,,,,,,,,,,,,,,,,,,,,,,,,,,,,,,,
model_155,0.741042,,,,,0.649106,,,0.578106,,,,,,,,,0.781794,373.0,,,0.773218,,,0.725915,,0.681567,,,0.492865,,,0.657536,,,0.503884,,0.265579,,,,0.29969,,,,,,,,,0.615647,,0.735642,,0.42059,,0.0,,0.66357,,,,,,,0.516277,0.446243,,,,,0.569788,0.314446,0.451097,,,,,0.641471,
model_141,,,,,0.8385,0.756318,,0.682276,,,,,,,,,,,245.0,,,,,,,,,,,,,0.499897,0.719091,,,0.533442,0.648438,,,,,,,,,0.398998,,0.64458,,,,,,,,,,,,,,,,,,,,,,,,0.609665,,0.489154,,,0.442524,,0.714015,
model_169,,,,,,,,,,,,,,,,,,,709.0,,0.788476,,,,,,,,0.667022,,,,,,,,,,,,,,,,,0.379645,,,,0.814761,,,,,,,,,,,,,,,,,0.463481,,,,,,,0.476819,,,,0.597356,,
model_196,,,,,0.807707,,,,,,,,,,,,,,373.0,,,,0.828365,,,,,,,,,,,,,,,,,0.586483,,,,,,,,,,,,,,,,,,,0.732686,,,,,,,,0.524235,,,,,,,,,,,,,
model_182,,,,0.69903,0.807707,0.756318,0.633228,,0.60651,0.326594,,,0.564273,0.496475,,0.854329,,,389.0,,,,0.811364,0.415124,,,,,,0.510726,,,,,,,0.602467,,,,,0.399358,,0.341317,,,,,,,,0.655623,0.651288,,,0.532631,0.0,0.619688,0.702984,0.732752,0.742051,0.0,0.589228,,,,,,,,,,,,,0.630719,,,0.714015,0.542529
