,query,#predicate,len,index,form
0,bowl & dining_table,2,149,"[96, 100, 135, 181, 184, 278, 282, 326, 334, 415, 446, 449, 471, 551, 560, 584, 585, 612, 637, 716, 723, 727, 750, 783, 786, 787, 789, 814, 846, 891, 976, 1013, 1038, 1070, 1118, 1159, 1183, 1210, 1219, 1237, 1271, 1303, 1329, 1341, 1342, 1345, 1422, 1447, 1469, 1502, 1514, 1518, 1535, 1567, 1576, 1585, 1587, 1601, 1633, 1691, 1832, 1953, 2013, 2023, 2038, 2076, 2112, 2221, 2302, 2364, 2376, 2392, 2444, 2454, 2460, 2471, 2507, 2508, 2576, 2590, 2603, 2613, 2646, 2657, 2665, 2704, 2742, 2747, 2777, 2789, 2791, 2816, 2866, 2924, 3010, 3063, 3071, 3139, 3187, 3203, 3247, 3291, 3304, 3341, 3368, 3411, 3429, 3434, 3493, 3504, 3582, 3622, 3626, 3748, 3790, 3892, 3977, 3992, 4067, 4083, 4159, 4178, 4199, 4292, 4378, 4462, 4515, 4547, 4552, 4563, 4564, 4568, 4570, 4577, 4588, 4648, 4655, 4667, 4688, 4742, 4762, 4793, 4822, 4901, 4902, 4926, 4950, 4972, 4975]",CNF
1,cup & pizza,2,55,"[120, 175, 251, 641, 691, 727, 783, 794, 916, 960, 975, 1070, 1200, 1329, 1402, 1485, 1495, 1503, 1532, 1548, 1658, 1660, 1709, 1760, 1816, 2096, 2144, 2248, 2385, 2466, 2474, 2526, 2556, 2566, 2657, 2791, 2807, 2849, 2911, 3063, 3124, 3243, 3251, 3312, 3748, 3798, 4071, 4095, 4131, 4153, 4219, 4314, 4490, 4588, 4615]",CNF
2,cup & bottle,2,128,"[33, 96, 104, 133, 201, 247, 290, 307, 334, 368, 548, 637, 692, 712, 750, 783, 784, 794, 800, 833, 873, 916, 960, 975, 987, 1070, 1150, 1210, 1225, 1230, 1246, 1272, 1283, 1285, 1329, 1333, 1342, 1429, 1438, 1469, 1474, 1495, 1514, 1542, 1587, 1658, 1667, 1709, 1712, 1747, 1816, 1867, 1873, 1965, 1973, 1974, 1994, 1995, 2023, 2089, 2101, 2149, 2153, 2376, 2379, 2383, 2399, 2466, 2474, 2479, 2514, 2527, 2550, 2576, 2600, 2613, 2674, 2717, 2742, 2812, 2831, 2924, 2980, 3015, 3071, 3075, 3081, 3095, 3254, 3259, 3304, 3353, 3429, 3434, 3519, 3571, 3597, 3610, 3628, 3753, 3771, 3925, 4004, 4024, 4055, 4093, 4095, 4131, 4152, 4167, 4178, 4204, 4225, 4264, 4335, 4400, 4444, 4490, 4570, 4577, 4622, 4688, 4692, 4769, 4834, 4916, 4973, 4975]",CNF
3,chair & book,2,89,"[0, 2, 137, 165, 170, 238, 251, 274, 288, 343, 536, 654, 762, 767, 781, 799, 800, 903, 1038, 1042, 1047, 1081, 1096, 1154, 1165, 1184, 1246, 1312, 1330, 1424, 1486, 1558, 1576, 1663, 1667, 1709, 1789, 1801, 1809, 1857, 2024, 2111, 2460, 2515, 2568, 2616, 2760, 2930, 2972, 2992, 3172, 3177, 3186, 3222, 3332, 3352, 3415, 3423, 3505, 3587, 3596, 3598, 3625, 3790, 3929, 3940, 4036, 4045, 4080, 4087, 4091, 4163, 4177, 4194, 4234, 4252, 4286, 4372, 4402, 4486, 4667, 4775, 4776, 4887, 4901, 4930, 4970, 4986, 4989]",CNF
4,(cell_phone | surfboard | bed) & book,4,59,"[2, 137, 329, 340, 407, 541, 570, 618, 767, 849, 903, 969, 1047, 1147, 1345, 1430, 1442, 1486, 1709, 1751, 1926, 2024, 2399, 2555, 2580, 2739, 2745, 2760, 2824, 2992, 3008, 3172, 3178, 3186, 3209, 3254, 3293, 3426, 3440, 3480, 3587, 3596, 3625, 3640, 3731, 3921, 3949, 4087, 4132, 4372, 4380, 4564, 4621, 4664, 4701, 4735, 4753, 4768, 4970]",CNF
5,(bench | bowl | skis) & backpack,4,58,"[36, 160, 243, 280, 283, 355, 386, 471, 480, 506, 615, 651, 741, 807, 811, 823, 909, 1126, 1348, 1403, 1626, 1672, 1704, 1911, 1953, 2062, 2415, 2609, 2612, 2673, 2678, 2836, 2943, 3131, 3252, 3510, 3553, 3573, 3586, 3634, 3664, 3739, 3761, 3883, 3958, 4034, 4070, 4262, 4459, 4604, 4652, 4662, 4714, 4832, 4876, 4890, 4922, 4931]",CNF
6,(truck | car | potted_plant) & chair,4,108,"[0, 2, 135, 137, 219, 274, 288, 299, 338, 343, 345, 358, 367, 481, 483, 571, 595, 634, 718, 762, 899, 908, 1019, 1054, 1081, 1159, 1200, 1294, 1312, 1352, 1363, 1538, 1658, 1667, 1688, 1712, 1789, 1870, 1920, 2018, 2036, 2076, 2082, 2149, 2245, 2359, 2394, 2549, 2568, 2583, 2611, 2720, 2754, 2760, 2779, 2920, 2924, 2930, 2946, 2972, 2977, 3026, 3040, 3071, 3075, 3098, 3174, 3177, 3260, 3332, 3345, 3415, 3423, 3505, 3519, 3551, 3583, 3598, 3626, 3628, 3642, 3853, 3912, 3993, 3998, 4033, 4046, 4071, 4083, 4091, 4210, 4243, 4248, 4263, 4371, 4544, 4579, 4594, 4624, 4648, 4771, 4850, 4887, 4926, 4930, 4950, 4969, 4986]",CNF
7,(tv | pizza | cat) & chair,4,145,"[0, 44, 132, 135, 137, 219, 251, 274, 326, 338, 343, 373, 415, 420, 553, 604, 641, 654, 661, 691, 718, 727, 781, 783, 790, 828, 903, 908, 960, 975, 1070, 1081, 1154, 1184, 1200, 1237, 1363, 1424, 1486, 1495, 1510, 1535, 1560, 1636, 1658, 1660, 1663, 1667, 1709, 1711, 1716, 1717, 1718, 1760, 1789, 1811, 1825, 1857, 1897, 1920, 1998, 2024, 2026, 2096, 2111, 2143, 2224, 2291, 2379, 2385, 2466, 2508, 2515, 2566, 2568, 2611, 2616, 2760, 2787, 2791, 2816, 2846, 2849, 2878, 2906, 2934, 2978, 3054, 3098, 3140, 3143, 3166, 3172, 3174, 3186, 3188, 3243, 3312, 3352, 3364, 3415, 3505, 3598, 3626, 3667, 3704, 3744, 3747, 3748, 3751, 3790, 3805, 3853, 3867, 3888, 3907, 3929, 3940, 4017, 4045, 4071, 4087, 4092, 4243, 4248, 4252, 4286, 4402, 4429, 4445, 4463, 4480, 4486, 4528, 4573, 4594, 4649, 4651, 4685, 4762, 4776, 4891, 4912, 4930, 4986]",CNF
8,bus | bench,2,419,"[17, 22, 48, 61, 63, 112, 130, 149, 150, 152, 159, 160, 171, 173, 174, 182, 214, 218, 243, 253, 262, 273, 283, 308, 310, 311, 318, 355, 362, 376, 424, 426, 436, 462, 491, 495, 501, 506, 514, 527, 538, 589, 614, 615, 638, 648, 651, 657, 660, 689, 707, 708, 715, 721, 738, 744, 745, 757, 760, 769, 776, 805, 808, 816, 832, 836, 837, 841, 896, 898, 938, 945, 950, 965, 994, 1009, 1010, 1017, 1019, 1027, 1034, 1043, 1053, 1069, 1079, 1082, 1093, 1100, 1108, 1123, 1126, 1136, 1138, 1139, 1145, 1167, 1180, 1203, 1208, 1209, 1216, 1221, 1244, 1249, 1253, 1294, 1304, 1372, 1386, 1414, 1436, 1454, 1475, 1499, 1519, 1539, 1551, 1574, 1578, 1603, 1626, 1635, 1672, 1693, 1711, 1714, 1725, 1732, 1738, 1754, 1764, 1767, 1770, 1773, 1775, 1779, 1782, 1800, 1804, 1815, 1827, 1830, 1840, 1860, 1868, 1910, 1918, 1929, 1937, 1957, 1964, 1970, 1977, 1979, 1983, 2018, 2030, 2041, 2042, 2049, 2079, 2121, 2167, 2193, 2194, 2204, 2205, 2213, 2223, 2241, 2242, 2245, 2257, 2258, 2259, 2281, 2292, 2302, 2304, 2310, 2314, 2327, 2345, 2356, 2370, 2395, 2402, 2404, 2414, 2420, 2430, 2448, 2451, 2480, 2487, 2492, 2494, 2497, 2509, 2519, 2544, 2558, 2563, 2567, 2603, 2609, 2624, 2629, 2631, 2632, 2648, 2650, 2664, 2668, 2676, 2685, 2701, 2719, 2730, 2734, 2737, 2755, 2756, 2764, 2782, 2784, 2785, 2795, 2798, 2808, 2833, 2836, 2846, 2852, 2875, 2877, 2879, 2882, 2897, 2902, 2903, 2908, 2909, 2917, 2921, 2930, 2932, 2943, 2944, 2946, 2966, 2977, 3000, 3013, 3019, 3023, 3025, 3030, 3036, 3038, 3052, 3066, 3082, 3093, 3094, 3110, 3131, 3135, 3144, 3152, 3156, 3162, 3179, 3204, 3220, 3224, 3227, 3232, 3234, 3237, 3269, 3277, 3280, 3293, 3300, 3356, 3360, 3372, 3384, 3389, 3403, 3413, 3416, 3425, 3473, 3493, 3499, 3501, 3523, 3531, 3550, 3551, 3568, 3584, 3586, 3603, 3604, 3624, 3628, 3634, 3649, 3650, 3664, 3673, 3691, 3695, 3700, 3705, 3727, 3739, 3756, 3757, 3758, 3761, 3765, 3772, 3786, 3816, 3817, 3830, 3834, 3835, 3847, 3857, 3864, 3894, 3898, 3899, 3904, 3912, 3913, 3915, 3917, 3918, 3955, 3958, 3971, 3975, 3983, 3988, 4001, 4009, 4050, 4053, 4082, 4107, 4118, 4129, 4149, 4164, 4168, 4195, 4212, 4220, 4258, 4301, 4317, 4369, 4371, 4382, 4393, 4394, 4397, 4408, 4422, 4437, 4446, 4450, 4454, 4461, 4465, 4481, 4509, 4527, 4545, 4550, 4580, 4584, 4604, 4611, 4626, 4639, 4643, 4646, 4662, 4665, 4666, 4681, 4697, 4710, 4714, 4718, 4725, 4728, 4734, 4754, 4795, 4829, 4839, 4868, 4870, 4883, 4884, 4890, 4903, 4922, 4937, 4957, 4996]",DNF
9,dining_table | clock,2,682,"[0, 11, 21, 25, 28, 32, 40, 42, 64, 77, 79, 80, 96, 100, 101, 103, 104, 120, 125, 131, 132, 133, 135, 137, 138, 157, 175, 176, 181, 184, 201, 219, 241, 251, 266, 274, 276, 278, 282, 286, 290, 294, 296, 307, 326, 331, 334, 337, 345, 358, 373, 388, 389, 403, 415, 420, 425, 446, 449, 471, 482, 483, 493, 504, 508, 517, 528, 529, 537, 544, 551, 553, 560, 584, 585, 595, 596, 604, 609, 612, 634, 637, 641, 646, 651, 654, 662, 677, 686, 691, 696, 702, 705, 716, 717, 723, 724, 727, 728, 750, 755, 762, 781, 783, 786, 787, 789, 800, 803, 812, 814, 828, 833, 837, 846, 852, 859, 868, 888, 891, 895, 899, 904, 916, 925, 944, 950, 960, 961, 964, 975, 976, 983, 1010, 1011, 1013, 1019, 1031, 1038, 1042, 1047, 1053, 1070, 1081, 1091, 1092, 1101, 1106, 1114, 1118, 1120, 1150, 1155, 1159, 1160, 1167, 1173, 1175, 1179, 1183, 1184, 1188, 1193, 1196, 1197, 1199, 1200, 1210, 1218, 1219, 1229, 1235, 1237, 1238, 1241, 1243, 1271, 1272, 1275, 1283, 1285, 1294, 1303, 1305, 1311, 1312, 1319, 1322, 1329, 1330, 1331, 1333, 1341, 1342, 1343, 1344, 1345, 1360, 1363, 1375, 1402, 1408, 1417, 1420, 1422, 1424, 1429, 1438, 1444, 1447, 1450, 1467, 1469, 1474, 1478, 1491, 1495, 1498, 1499, 1500, 1502, 1503, 1504, 1509, 1514, 1516, 1518, 1532, 1535, 1538, 1541, 1548, 1556, 1558, 1560, 1564, 1565, 1567, 1576, 1577, 1584, 1585, 1587, 1590, 1601, 1605, 1608, 1619, 1633, 1656, 1658, 1660, 1677, 1680, 1691, 1709, 1712, 1716, 1717, 1735, 1747, 1760, 1775, 1789, 1795, 1796, 1801, 1823, 1824, 1832, 1854, 1858, 1870, 1881, 1882, 1883, 1891, 1896, 1898, 1899, 1920, 1931, 1938, 1953, 1962, 1963, 1972, 1984, 1985, 1998, 2013, 2019, 2020, 2021, 2023, 2025, 2036, 2037, 2038, 2042, 2043, 2044, 2072, 2076, 2082, 2093, 2096, 2106, 2108, 2111, 2112, 2113, 2125, 2130, 2134, 2146, 2150, 2165, 2177, 2182, 2197, 2201, 2212, 2214, 2215, 2220, 2221, 2224, 2237, 2258, 2296, 2302, 2308, 2318, 2341, 2343, 2364, 2376, 2379, 2383, 2385, 2386, 2392, 2393, 2394, 2396, 2409, 2432, 2444, 2446, 2454, 2460, 2466, 2471, 2478, 2486, 2488, 2498, 2507, 2508, 2509, 2515, 2539, 2550, 2552, 2555, 2556, 2564, 2568, 2576, 2581, 2590, 2600, 2603, 2613, 2636, 2646, 2649, 2652, 2657, 2661, 2665, 2668, 2682, 2688, 2695, 2704, 2707, 2711, 2717, 2742, 2747, 2750, 2757, 2758, 2760, 2767, 2777, 2778, 2779, 2789, 2790, 2791, 2816, 2826, 2846, 2849, 2858, 2861, 2866, 2883, 2901, 2906, 2924, 2926, 2929, 2930, 2936, 2945, 2947, 2953, 2968, 2971, 2980, 2981, 2997, 3010, 3012, 3017, 3026, 3031, 3034, 3040, 3060, 3063, 3071, 3075, 3081, 3095, 3121, 3124, 3139, 3141, 3174, 3177, 3187, 3194, 3196, 3200, 3203, 3222, 3225, 3232, 3238, 3243, 3247, 3251, 3257, 3259, 3264, 3269, 3270, 3285, 3289, 3291, 3295, 3304, 3308, 3311, 3312, 3317, 3332, 3335, 3340, 3341, 3364, 3368, 3385, 3386, 3387, 3409, 3411, 3416, 3423, 3429, 3431, 3434, 3442, 3453, 3460, 3468, 3493, 3498, 3500, 3503, 3504, 3522, 3535, 3537, 3575, 3578, 3580, 3582, 3585, 3591, 3602, 3603, 3618, 3622, 3626, 3628, 3633, 3642, 3654, 3671, 3683, 3684, 3698, 3704, 3708, 3710, 3719, 3743, 3744, 3748, 3751, 3756, 3759, 3768, 3771, 3780, 3790, 3794, 3813, 3837, 3842, 3849, 3871, 3872, 3873, 3892, 3900, 3918, 3922, 3929, 3941, 3951, 3952, 3964, 3977, 3979, 3992, 3998, 4002, 4024, 4028, 4033, 4036, 4038, 4040, 4051, 4053, 4055, 4067, 4071, 4080, 4083, 4097, 4103, 4109, 4141, 4152, 4159, 4160, 4178, 4180, 4185, 4188, 4191, 4194, 4197, 4199, 4202, 4207, 4209, 4219, 4227, 4243, 4249, 4259, 4277, 4286, 4292, 4314, 4363, 4365, 4367, 4376, 4378, 4393, 4402, 4418, 4424, 4429, 4431, 4436, 4444, 4445, 4462, 4464, 4467, 4475, 4476, 4481, 4490, 4499, 4515, 4528, 4531, 4535, 4536, 4544, 4547, 4549, 4552, 4554, 4563, 4564, 4568, 4570, 4577, 4579, 4588, 4604, 4644, 4648, 4655, 4657, 4658, 4667, 4672, 4675, 4678, 4688, 4689, 4692, 4698, 4706, 4717, 4724, 4734, 4737, 4742, 4762, 4771, 4775, 4793, 4797, 4818, 4822, 4834, 4850, 4855, 4857, 4863, 4865, 4881, 4885, 4887, 4888, 4901, 4902, 4912, 4914, 4917, 4926, 4929, 4950, 4969, 4972, 4975, 4997]",DNF
10,bowl | dining_table,2,666,"[0, 13, 21, 23, 25, 28, 32, 37, 40, 42, 55, 64, 75, 79, 85, 96, 100, 101, 103, 104, 120, 125, 131, 132, 133, 135, 137, 138, 145, 148, 175, 176, 181, 184, 200, 201, 217, 219, 241, 251, 252, 274, 276, 278, 282, 288, 290, 296, 307, 315, 326, 331, 334, 340, 345, 358, 368, 388, 394, 401, 403, 415, 416, 420, 425, 439, 446, 449, 471, 482, 483, 504, 529, 532, 533, 537, 544, 551, 553, 560, 579, 584, 585, 595, 604, 609, 612, 630, 634, 637, 641, 651, 654, 659, 662, 686, 691, 696, 702, 705, 716, 723, 727, 728, 750, 754, 762, 781, 783, 784, 786, 787, 789, 800, 814, 819, 828, 834, 842, 845, 846, 852, 859, 888, 891, 894, 899, 916, 925, 928, 939, 941, 950, 959, 960, 964, 975, 976, 983, 993, 1013, 1019, 1031, 1035, 1038, 1047, 1056, 1070, 1081, 1091, 1092, 1106, 1118, 1120, 1150, 1159, 1161, 1162, 1164, 1167, 1173, 1175, 1178, 1179, 1183, 1184, 1188, 1193, 1196, 1200, 1201, 1204, 1210, 1218, 1219, 1235, 1237, 1238, 1243, 1271, 1272, 1283, 1285, 1294, 1303, 1312, 1322, 1329, 1330, 1333, 1341, 1342, 1343, 1345, 1351, 1361, 1363, 1402, 1403, 1417, 1420, 1422, 1424, 1429, 1430, 1438, 1447, 1467, 1469, 1474, 1495, 1500, 1502, 1503, 1504, 1509, 1514, 1518, 1532, 1535, 1538, 1548, 1558, 1560, 1565, 1567, 1576, 1577, 1584, 1585, 1587, 1601, 1605, 1609, 1619, 1633, 1656, 1658, 1660, 1680, 1683, 1691, 1704, 1709, 1712, 1713, 1715, 1716, 1717, 1747, 1760, 1775, 1789, 1793, 1795, 1801, 1814, 1823, 1824, 1832, 1839, 1854, 1857, 1870, 1873, 1877, 1883, 1898, 1904, 1920, 1922, 1931, 1953, 1962, 1963, 1972, 1973, 1984, 1985, 1994, 1995, 1998, 2013, 2017, 2019, 2021, 2023, 2025, 2036, 2038, 2043, 2068, 2072, 2076, 2082, 2089, 2093, 2096, 2106, 2111, 2112, 2125, 2130, 2135, 2144, 2156, 2158, 2165, 2177, 2182, 2197, 2202, 2212, 2214, 2215, 2221, 2224, 2237, 2258, 2296, 2302, 2318, 2343, 2364, 2376, 2379, 2383, 2385, 2386, 2392, 2393, 2394, 2396, 2409, 2444, 2446, 2454, 2460, 2466, 2471, 2474, 2478, 2486, 2488, 2507, 2508, 2515, 2539, 2550, 2553, 2556, 2571, 2576, 2581, 2590, 2600, 2602, 2603, 2613, 2642, 2646, 2649, 2652, 2657, 2665, 2682, 2686, 2688, 2695, 2704, 2710, 2711, 2726, 2742, 2747, 2750, 2757, 2760, 2767, 2777, 2778, 2779, 2780, 2781, 2787, 2789, 2791, 2816, 2846, 2849, 2866, 2895, 2900, 2901, 2906, 2924, 2926, 2929, 2930, 2936, 2947, 2968, 2980, 2981, 2997, 3010, 3012, 3015, 3026, 3027, 3031, 3034, 3035, 3039, 3040, 3045, 3048, 3063, 3071, 3073, 3075, 3081, 3095, 3114, 3124, 3139, 3141, 3174, 3177, 3187, 3194, 3196, 3203, 3207, 3222, 3228, 3232, 3238, 3243, 3247, 3251, 3257, 3259, 3269, 3285, 3289, 3291, 3295, 3304, 3308, 3312, 3317, 3332, 3341, 3364, 3368, 3386, 3409, 3411, 3423, 3426, 3429, 3431, 3434, 3436, 3442, 3453, 3469, 3493, 3500, 3503, 3504, 3519, 3522, 3525, 3535, 3549, 3578, 3582, 3591, 3602, 3603, 3609, 3610, 3622, 3626, 3628, 3633, 3642, 3665, 3667, 3698, 3704, 3710, 3719, 3740, 3743, 3744, 3748, 3751, 3753, 3756, 3768, 3771, 3780, 3790, 3794, 3826, 3837, 3849, 3860, 3871, 3872, 3873, 3874, 3892, 3896, 3900, 3918, 3925, 3932, 3941, 3951, 3952, 3962, 3969, 3977, 3979, 3992, 3998, 4002, 4004, 4024, 4028, 4032, 4036, 4038, 4044, 4053, 4055, 4067, 4069, 4071, 4080, 4083, 4094, 4095, 4103, 4109, 4131, 4141, 4152, 4155, 4159, 4160, 4167, 4178, 4182, 4185, 4191, 4194, 4199, 4202, 4207, 4209, 4218, 4219, 4225, 4231, 4243, 4259, 4262, 4277, 4285, 4286, 4292, 4296, 4314, 4367, 4376, 4378, 4405, 4421, 4427, 4429, 4431, 4436, 4444, 4445, 4462, 4464, 4467, 4490, 4499, 4500, 4505, 4514, 4515, 4528, 4535, 4544, 4547, 4548, 4549, 4552, 4562, 4563, 4564, 4566, 4568, 4570, 4577, 4579, 4588, 4598, 4604, 4617, 4644, 4646, 4648, 4655, 4657, 4667, 4675, 4688, 4689, 4692, 4698, 4706, 4717, 4724, 4734, 4736, 4742, 4745, 4762, 4771, 4775, 4793, 4797, 4803, 4818, 4822, 4825, 4834, 4850, 4857, 4860, 4879, 4881, 4887, 4888, 4901, 4902, 4912, 4914, 4915, 4926, 4950, 4958, 4959, 4969, 4972, 4975, 4981, 4988]",DNF
11,car | dog,2,693,"[3, 16, 48, 58, 63, 69, 73, 89, 99, 102, 111, 139, 149, 166, 169, 171, 174, 188, 189, 208, 211, 218, 219, 226, 246, 253, 257, 262, 272, 279, 283, 286, 299, 308, 311, 313, 317, 318, 347, 358, 367, 371, 376, 389, 395, 404, 413, 423, 433, 445, 464, 470, 473, 477, 481, 486, 490, 491, 501, 506, 507, 509, 515, 520, 533, 538, 543, 565, 568, 572, 574, 590, 595, 597, 598, 610, 618, 626, 634, 649, 663, 665, 671, 674, 683, 694, 697, 705, 707, 715, 721, 725, 730, 738, 739, 744, 757, 760, 766, 771, 772, 797, 808, 830, 837, 854, 855, 860, 871, 874, 895, 896, 897, 908, 910, 912, 924, 942, 943, 956, 963, 972, 985, 1007, 1016, 1019, 1025, 1039, 1043, 1051, 1054, 1060, 1064, 1065, 1068, 1082, 1097, 1100, 1107, 1111, 1122, 1142, 1148, 1149, 1151, 1163, 1170, 1174, 1176, 1180, 1182, 1186, 1189, 1202, 1208, 1209, 1217, 1222, 1223, 1233, 1239, 1240, 1242, 1244, 1245, 1249, 1251, 1253, 1266, 1286, 1292, 1294, 1324, 1326, 1328, 1340, 1344, 1348, 1350, 1352, 1359, 1363, 1366, 1372, 1374, 1392, 1393, 1414, 1420, 1428, 1435, 1440, 1450, 1457, 1458, 1460, 1464, 1466, 1471, 1476, 1477, 1482, 1488, 1512, 1516, 1519, 1522, 1538, 1539, 1540, 1551, 1553, 1570, 1574, 1578, 1580, 1588, 1593, 1599, 1603, 1607, 1612, 1646, 1662, 1666, 1677, 1688, 1690, 1694, 1700, 1701, 1708, 1720, 1724, 1733, 1736, 1738, 1755, 1764, 1782, 1793, 1800, 1802, 1812, 1815, 1817, 1827, 1840, 1847, 1855, 1859, 1860, 1865, 1878, 1907, 1910, 1919, 1921, 1923, 1927, 1944, 1947, 1952, 1954, 1956, 1957, 1967, 1970, 1980, 1983, 1987, 1989, 2005, 2008, 2010, 2018, 2030, 2056, 2061, 2065, 2070, 2071, 2077, 2099, 2102, 2108, 2121, 2126, 2136, 2145, 2183, 2195, 2205, 2210, 2216, 2236, 2245, 2251, 2252, 2254, 2259, 2267, 2276, 2281, 2283, 2304, 2307, 2322, 2327, 2331, 2357, 2358, 2359, 2363, 2370, 2371, 2384, 2387, 2388, 2391, 2400, 2401, 2402, 2405, 2407, 2424, 2434, 2435, 2439, 2440, 2448, 2451, 2461, 2473, 2487, 2494, 2500, 2502, 2504, 2509, 2522, 2532, 2538, 2540, 2548, 2561, 2562, 2565, 2567, 2572, 2583, 2584, 2586, 2588, 2609, 2610, 2611, 2624, 2626, 2629, 2632, 2645, 2647, 2655, 2668, 2676, 2679, 2683, 2684, 2685, 2693, 2719, 2722, 2727, 2734, 2737, 2749, 2751, 2754, 2756, 2761, 2786, 2796, 2800, 2802, 2821, 2823, 2833, 2845, 2848, 2852, 2859, 2880, 2881, 2882, 2888, 2893, 2903, 2909, 2919, 2920, 2921, 2922, 2923, 2925, 2943, 2946, 2954, 2958, 2965, 2966, 2975, 2976, 2981, 2987, 3003, 3019, 3021, 3023, 3026, 3058, 3059, 3061, 3067, 3070, 3075, 3082, 3088, 3091, 3094, 3121, 3126, 3128, 3138, 3152, 3156, 3161, 3167, 3170, 3172, 3173, 3175, 3179, 3184, 3197, 3199, 3201, 3204, 3222, 3223, 3225, 3232, 3234, 3246, 3256, 3263, 3273, 3280, 3283, 3290, 3297, 3300, 3306, 3310, 3316, 3330, 3345, 3347, 3371, 3375, 3383, 3389, 3390, 3394, 3396, 3402, 3405, 3416, 3418, 3421, 3433, 3443, 3450, 3455, 3465, 3488, 3489, 3490, 3513, 3527, 3548, 3551, 3558, 3560, 3563, 3570, 3572, 3576, 3577, 3590, 3602, 3611, 3616, 3624, 3628, 3636, 3650, 3655, 3663, 3671, 3673, 3676, 3679, 3683, 3684, 3689, 3691, 3696, 3699, 3700, 3708, 3727, 3728, 3732, 3735, 3736, 3757, 3758, 3761, 3767, 3782, 3797, 3806, 3810, 3837, 3839, 3844, 3847, 3862, 3898, 3908, 3913, 3935, 3944, 3950, 3953, 3964, 3971, 3975, 3989, 3996, 3997, 3999, 4003, 4009, 4012, 4019, 4022, 4037, 4040, 4050, 4053, 4071, 4078, 4085, 4102, 4107, 4117, 4123, 4129, 4134, 4145, 4146, 4148, 4151, 4158, 4164, 4185, 4192, 4203, 4215, 4220, 4224, 4228, 4238, 4242, 4247, 4250, 4258, 4271, 4285, 4288, 4294, 4303, 4305, 4312, 4316, 4317, 4327, 4352, 4361, 4364, 4370, 4371, 4381, 4382, 4384, 4390, 4399, 4408, 4411, 4415, 4416, 4422, 4426, 4430, 4434, 4437, 4440, 4444, 4446, 4465, 4468, 4481, 4484, 4492, 4493, 4495, 4503, 4518, 4537, 4539, 4543, 4558, 4569, 4574, 4575, 4589, 4591, 4592, 4605, 4606, 4609, 4630, 4639, 4642, 4662, 4663, 4666, 4670, 4679, 4695, 4697, 4703, 4718, 4721, 4728, 4751, 4752, 4754, 4759, 4762, 4764, 4768, 4771, 4773, 4792, 4810, 4811, 4819, 4830, 4841, 4849, 4850, 4851, 4854, 4856, 4867, 4870, 4873, 4875, 4880, 4883, 4890, 4905, 4919, 4945, 4946, 4963, 4965, 4979, 4985, 4990]",DNF
12,(chair & car & couch) | dining_table,4,503,"[0, 21, 25, 28, 32, 40, 42, 64, 79, 96, 100, 101, 103, 104, 120, 125, 131, 132, 133, 135, 137, 138, 175, 176, 181, 184, 201, 219, 241, 251, 274, 276, 278, 282, 290, 296, 307, 326, 331, 334, 345, 358, 388, 415, 420, 425, 446, 449, 471, 482, 483, 504, 529, 537, 544, 551, 553, 560, 584, 585, 595, 609, 612, 634, 637, 641, 651, 654, 662, 686, 691, 696, 702, 705, 716, 723, 727, 728, 750, 762, 781, 783, 786, 787, 789, 800, 814, 828, 846, 852, 859, 888, 891, 899, 916, 925, 950, 960, 964, 975, 976, 983, 1013, 1019, 1031, 1038, 1047, 1054, 1070, 1081, 1091, 1092, 1106, 1118, 1120, 1159, 1167, 1173, 1175, 1179, 1183, 1184, 1188, 1193, 1196, 1200, 1210, 1218, 1219, 1235, 1237, 1238, 1243, 1271, 1272, 1283, 1285, 1294, 1303, 1312, 1322, 1329, 1333, 1341, 1342, 1343, 1345, 1352, 1363, 1402, 1417, 1420, 1422, 1424, 1429, 1438, 1447, 1467, 1469, 1474, 1495, 1500, 1502, 1503, 1504, 1509, 1514, 1518, 1532, 1535, 1538, 1548, 1558, 1560, 1565, 1567, 1576, 1577, 1584, 1585, 1587, 1601, 1605, 1619, 1633, 1656, 1658, 1660, 1680, 1691, 1709, 1712, 1716, 1760, 1775, 1789, 1795, 1801, 1823, 1824, 1832, 1854, 1870, 1883, 1898, 1920, 1931, 1953, 1962, 1963, 1972, 1984, 1985, 1998, 2013, 2019, 2021, 2023, 2025, 2036, 2038, 2043, 2072, 2076, 2082, 2093, 2096, 2106, 2111, 2112, 2125, 2130, 2165, 2177, 2182, 2197, 2212, 2214, 2215, 2221, 2224, 2258, 2296, 2302, 2318, 2343, 2364, 2376, 2379, 2383, 2385, 2386, 2392, 2393, 2394, 2396, 2409, 2444, 2446, 2454, 2460, 2466, 2471, 2478, 2486, 2488, 2507, 2508, 2515, 2539, 2550, 2556, 2576, 2581, 2590, 2600, 2603, 2613, 2646, 2649, 2652, 2657, 2665, 2682, 2688, 2695, 2704, 2711, 2742, 2747, 2750, 2757, 2760, 2767, 2777, 2778, 2779, 2789, 2791, 2816, 2846, 2849, 2866, 2901, 2906, 2924, 2926, 2929, 2930, 2936, 2947, 2968, 2980, 2981, 2997, 3010, 3012, 3026, 3031, 3034, 3040, 3063, 3071, 3075, 3081, 3124, 3139, 3141, 3174, 3177, 3187, 3194, 3196, 3203, 3222, 3232, 3238, 3243, 3247, 3251, 3257, 3259, 3269, 3285, 3289, 3291, 3295, 3304, 3308, 3312, 3317, 3332, 3341, 3364, 3368, 3386, 3409, 3411, 3423, 3429, 3431, 3434, 3442, 3453, 3493, 3500, 3503, 3504, 3535, 3578, 3582, 3591, 3602, 3603, 3622, 3626, 3628, 3633, 3642, 3698, 3704, 3710, 3719, 3743, 3744, 3748, 3751, 3756, 3768, 3771, 3780, 3790, 3794, 3837, 3849, 3871, 3872, 3873, 3892, 3900, 3918, 3941, 3951, 3952, 3977, 3979, 3992, 3998, 4002, 4028, 4036, 4038, 4053, 4055, 4067, 4071, 4080, 4083, 4103, 4109, 4141, 4159, 4160, 4178, 4185, 4191, 4194, 4199, 4202, 4207, 4209, 4219, 4243, 4259, 4277, 4286, 4292, 4314, 4367, 4376, 4378, 4429, 4431, 4436, 4444, 4445, 4462, 4464, 4467, 4490, 4499, 4515, 4528, 4535, 4544, 4547, 4549, 4552, 4563, 4564, 4568, 4570, 4577, 4579, 4588, 4604, 4644, 4648, 4655, 4657, 4667, 4675, 4688, 4689, 4692, 4698, 4706, 4717, 4724, 4734, 4742, 4762, 4771, 4775, 4793, 4797, 4818, 4822, 4834, 4850, 4857, 4881, 4887, 4888, 4901, 4902, 4912, 4914, 4926, 4950, 4969, 4972, 4975]",DNF
13,(car & truck) | motorcycle | toilet,4,437,"[3, 16, 35, 52, 58, 63, 66, 69, 73, 78, 84, 106, 110, 112, 126, 149, 171, 185, 188, 190, 228, 253, 265, 295, 298, 304, 308, 311, 313, 317, 318, 325, 332, 341, 344, 348, 354, 371, 379, 395, 413, 429, 464, 472, 481, 487, 491, 498, 506, 507, 510, 523, 543, 548, 595, 597, 598, 608, 617, 634, 649, 664, 694, 707, 725, 730, 732, 766, 770, 774, 791, 854, 869, 870, 871, 872, 874, 877, 883, 890, 892, 931, 939, 947, 963, 990, 1003, 1016, 1025, 1039, 1043, 1053, 1094, 1107, 1141, 1149, 1163, 1177, 1182, 1192, 1202, 1203, 1207, 1208, 1209, 1214, 1221, 1223, 1225, 1231, 1240, 1245, 1248, 1249, 1251, 1265, 1287, 1294, 1295, 1317, 1321, 1324, 1344, 1346, 1350, 1372, 1398, 1419, 1420, 1428, 1448, 1460, 1471, 1488, 1512, 1515, 1525, 1540, 1546, 1551, 1557, 1568, 1574, 1593, 1603, 1637, 1641, 1646, 1673, 1677, 1688, 1689, 1712, 1715, 1724, 1736, 1755, 1763, 1772, 1780, 1798, 1799, 1800, 1815, 1830, 1835, 1837, 1845, 1860, 1864, 1878, 1910, 1921, 1923, 1952, 1964, 1967, 1969, 1970, 1974, 1976, 2005, 2008, 2033, 2045, 2075, 2103, 2108, 2119, 2131, 2137, 2141, 2148, 2179, 2205, 2207, 2209, 2216, 2218, 2227, 2245, 2246, 2270, 2282, 2283, 2286, 2300, 2312, 2320, 2332, 2354, 2361, 2384, 2388, 2411, 2435, 2450, 2470, 2473, 2483, 2509, 2521, 2523, 2525, 2535, 2538, 2542, 2561, 2572, 2578, 2599, 2647, 2653, 2654, 2666, 2671, 2680, 2685, 2691, 2711, 2722, 2725, 2727, 2737, 2738, 2774, 2792, 2796, 2809, 2831, 2842, 2862, 2869, 2880, 2888, 2893, 2903, 2914, 2924, 2948, 2963, 2975, 2977, 2987, 3005, 3006, 3021, 3023, 3032, 3035, 3044, 3074, 3082, 3090, 3091, 3115, 3142, 3144, 3159, 3161, 3179, 3182, 3184, 3204, 3214, 3219, 3258, 3261, 3263, 3280, 3300, 3310, 3338, 3339, 3373, 3396, 3399, 3401, 3402, 3404, 3418, 3421, 3432, 3446, 3470, 3481, 3528, 3530, 3534, 3550, 3558, 3577, 3599, 3616, 3636, 3650, 3653, 3655, 3679, 3688, 3699, 3710, 3717, 3728, 3732, 3757, 3758, 3764, 3801, 3806, 3838, 3839, 3847, 3905, 3908, 3916, 3926, 3927, 3930, 3935, 3943, 3944, 3946, 3965, 3971, 3980, 3989, 3993, 3997, 4009, 4012, 4047, 4085, 4101, 4102, 4123, 4129, 4134, 4145, 4146, 4148, 4158, 4165, 4172, 4175, 4196, 4203, 4217, 4222, 4230, 4242, 4245, 4247, 4288, 4303, 4305, 4315, 4327, 4358, 4381, 4383, 4392, 4422, 4430, 4435, 4440, 4442, 4444, 4446, 4465, 4491, 4492, 4495, 4517, 4518, 4523, 4543, 4574, 4608, 4612, 4633, 4639, 4663, 4699, 4705, 4730, 4733, 4738, 4754, 4756, 4770, 4773, 4782, 4783, 4807, 4841, 4845, 4847, 4850, 4851, 4854, 4873, 4875, 4883, 4886, 4890, 4896, 4906, 4911, 4915, 4928, 4939, 4965, 4971, 4972, 4985, 4998]",DNF
14,(airplane & bottle) | handbag | cell_phone,4,472,"[9, 10, 11, 33, 47, 49, 64, 65, 112, 114, 123, 137, 148, 162, 164, 190, 202, 208, 211, 216, 222, 254, 290, 306, 313, 320, 329, 331, 336, 340, 347, 377, 381, 383, 406, 428, 429, 446, 465, 471, 476, 497, 521, 530, 540, 553, 584, 615, 620, 623, 627, 629, 631, 632, 634, 638, 648, 652, 658, 660, 695, 701, 706, 709, 717, 722, 742, 744, 759, 767, 810, 848, 851, 853, 860, 861, 871, 954, 962, 965, 968, 969, 977, 981, 999, 1000, 1003, 1006, 1009, 1013, 1017, 1031, 1036, 1047, 1053, 1065, 1069, 1082, 1108, 1138, 1161, 1170, 1176, 1182, 1207, 1217, 1222, 1230, 1238, 1240, 1241, 1250, 1251, 1269, 1270, 1276, 1283, 1294, 1301, 1312, 1315, 1329, 1331, 1344, 1345, 1354, 1364, 1374, 1394, 1400, 1430, 1436, 1455, 1456, 1476, 1486, 1511, 1522, 1526, 1528, 1538, 1547, 1569, 1570, 1584, 1588, 1599, 1603, 1607, 1626, 1627, 1635, 1676, 1684, 1701, 1708, 1709, 1712, 1759, 1765, 1767, 1770, 1776, 1780, 1815, 1819, 1851, 1872, 1880, 1901, 1924, 1926, 1951, 1952, 1953, 1958, 1963, 1965, 1967, 1976, 1977, 1986, 1990, 1992, 1995, 2011, 2024, 2031, 2042, 2074, 2101, 2139, 2145, 2153, 2155, 2166, 2171, 2172, 2175, 2186, 2199, 2218, 2227, 2230, 2242, 2244, 2260, 2302, 2343, 2356, 2359, 2399, 2401, 2405, 2414, 2416, 2422, 2424, 2426, 2432, 2454, 2456, 2465, 2480, 2484, 2486, 2487, 2503, 2504, 2510, 2523, 2535, 2536, 2562, 2563, 2566, 2573, 2584, 2600, 2609, 2610, 2611, 2614, 2619, 2622, 2626, 2628, 2629, 2630, 2635, 2664, 2706, 2719, 2722, 2739, 2782, 2793, 2814, 2821, 2824, 2843, 2850, 2870, 2875, 2877, 2881, 2883, 2885, 2888, 2891, 2908, 2915, 2921, 2934, 2939, 2942, 2953, 2958, 2960, 2961, 2980, 2983, 2992, 3008, 3013, 3015, 3025, 3036, 3076, 3097, 3102, 3112, 3120, 3129, 3138, 3143, 3157, 3165, 3169, 3178, 3192, 3204, 3210, 3234, 3235, 3254, 3259, 3268, 3269, 3277, 3291, 3302, 3305, 3306, 3316, 3326, 3338, 3360, 3362, 3363, 3364, 3378, 3386, 3389, 3408, 3410, 3416, 3421, 3426, 3431, 3440, 3446, 3463, 3474, 3476, 3511, 3555, 3557, 3562, 3565, 3568, 3570, 3577, 3606, 3610, 3636, 3641, 3646, 3697, 3710, 3738, 3756, 3781, 3784, 3794, 3799, 3800, 3803, 3806, 3829, 3836, 3853, 3857, 3864, 3873, 3874, 3878, 3903, 3912, 3927, 3929, 3934, 3936, 3960, 3995, 4001, 4031, 4054, 4061, 4087, 4103, 4105, 4116, 4128, 4144, 4151, 4160, 4181, 4194, 4259, 4262, 4272, 4280, 4286, 4292, 4295, 4297, 4306, 4313, 4339, 4363, 4372, 4374, 4379, 4380, 4382, 4393, 4408, 4413, 4426, 4434, 4459, 4463, 4465, 4467, 4471, 4488, 4489, 4507, 4525, 4527, 4539, 4544, 4560, 4564, 4579, 4581, 4604, 4612, 4619, 4628, 4630, 4636, 4638, 4639, 4646, 4662, 4667, 4679, 4681, 4688, 4690, 4692, 4695, 4701, 4710, 4714, 4720, 4725, 4753, 4755, 4759, 4764, 4802, 4812, 4817, 4833, 4839, 4841, 4844, 4846, 4862, 4871, 4884, 4890, 4891, 4903, 4916, 4963, 4981, 4989, 4995]",DNF
15,(bottle & clock) | boat | bowl,4,454,"[10, 13, 23, 34, 37, 55, 75, 85, 96, 100, 135, 145, 148, 181, 184, 200, 202, 217, 252, 278, 282, 288, 290, 291, 315, 326, 334, 337, 340, 368, 394, 401, 403, 411, 415, 416, 423, 437, 439, 446, 449, 471, 507, 532, 533, 542, 551, 560, 579, 584, 585, 604, 612, 630, 637, 657, 659, 663, 679, 707, 716, 723, 727, 750, 754, 759, 783, 784, 786, 787, 789, 790, 793, 800, 814, 819, 833, 834, 842, 845, 846, 874, 891, 894, 928, 939, 941, 943, 955, 959, 976, 977, 993, 1013, 1035, 1038, 1056, 1059, 1070, 1118, 1130, 1136, 1150, 1159, 1161, 1162, 1164, 1178, 1183, 1201, 1204, 1210, 1219, 1226, 1237, 1258, 1271, 1303, 1320, 1329, 1330, 1332, 1341, 1342, 1345, 1351, 1361, 1366, 1367, 1403, 1422, 1430, 1447, 1469, 1477, 1491, 1492, 1502, 1514, 1518, 1535, 1545, 1567, 1572, 1576, 1585, 1587, 1601, 1609, 1630, 1633, 1650, 1666, 1683, 1691, 1704, 1713, 1715, 1717, 1743, 1747, 1788, 1793, 1814, 1822, 1832, 1839, 1848, 1850, 1857, 1858, 1873, 1877, 1904, 1912, 1922, 1930, 1953, 1973, 1987, 1994, 1995, 1998, 2007, 2013, 2017, 2023, 2038, 2068, 2076, 2082, 2085, 2089, 2112, 2135, 2144, 2156, 2157, 2158, 2201, 2202, 2221, 2230, 2237, 2302, 2314, 2364, 2376, 2380, 2392, 2444, 2454, 2460, 2461, 2471, 2474, 2485, 2503, 2507, 2508, 2509, 2553, 2571, 2576, 2590, 2602, 2603, 2613, 2632, 2642, 2646, 2657, 2665, 2670, 2686, 2698, 2704, 2706, 2710, 2712, 2717, 2726, 2742, 2747, 2758, 2777, 2780, 2781, 2787, 2789, 2791, 2816, 2837, 2854, 2858, 2866, 2895, 2897, 2900, 2924, 2945, 2977, 3010, 3015, 3027, 3035, 3039, 3045, 3048, 3053, 3063, 3071, 3073, 3095, 3114, 3139, 3155, 3187, 3203, 3207, 3228, 3247, 3279, 3283, 3291, 3304, 3335, 3340, 3341, 3368, 3369, 3370, 3410, 3411, 3414, 3422, 3425, 3426, 3429, 3434, 3436, 3458, 3469, 3493, 3504, 3519, 3522, 3525, 3546, 3549, 3582, 3609, 3610, 3622, 3626, 3637, 3641, 3665, 3667, 3671, 3690, 3740, 3748, 3750, 3753, 3790, 3794, 3811, 3813, 3826, 3828, 3842, 3854, 3860, 3864, 3873, 3874, 3882, 3892, 3896, 3925, 3928, 3932, 3948, 3962, 3968, 3969, 3977, 3992, 4004, 4012, 4024, 4030, 4032, 4033, 4044, 4067, 4069, 4083, 4084, 4094, 4095, 4097, 4122, 4131, 4134, 4152, 4155, 4159, 4167, 4178, 4182, 4199, 4218, 4225, 4228, 4231, 4240, 4243, 4255, 4262, 4285, 4288, 4292, 4293, 4296, 4337, 4340, 4346, 4365, 4378, 4385, 4405, 4409, 4413, 4421, 4427, 4430, 4462, 4500, 4505, 4507, 4509, 4514, 4515, 4540, 4547, 4548, 4552, 4562, 4563, 4564, 4566, 4568, 4570, 4577, 4583, 4588, 4592, 4598, 4605, 4617, 4646, 4648, 4655, 4666, 4667, 4668, 4688, 4736, 4742, 4745, 4762, 4793, 4803, 4816, 4822, 4825, 4860, 4879, 4881, 4900, 4901, 4902, 4915, 4926, 4950, 4958, 4959, 4972, 4975, 4980, 4981, 4988]",DNF
16,(chair & bus & car & laptop) | (sink & dog) | truck | dining_table,8,746,"[0, 3, 16, 21, 25, 28, 32, 40, 42, 58, 63, 64, 69, 73, 79, 96, 97, 100, 101, 103, 104, 113, 120, 125, 129, 131, 132, 133, 135, 137, 138, 149, 175, 176, 181, 184, 188, 201, 219, 241, 251, 253, 274, 276, 278, 282, 290, 296, 307, 308, 311, 313, 317, 326, 331, 334, 345, 358, 371, 388, 413, 415, 420, 425, 446, 449, 464, 471, 473, 482, 483, 491, 504, 506, 507, 529, 537, 544, 551, 553, 560, 584, 585, 595, 597, 607, 609, 612, 634, 637, 641, 649, 651, 654, 662, 686, 691, 694, 696, 702, 705, 707, 716, 718, 723, 725, 727, 728, 730, 750, 756, 762, 766, 781, 783, 786, 787, 789, 800, 814, 828, 831, 839, 846, 847, 852, 854, 859, 868, 874, 888, 891, 899, 916, 925, 927, 938, 950, 960, 964, 966, 975, 976, 983, 1013, 1016, 1019, 1025, 1031, 1033, 1038, 1039, 1043, 1047, 1053, 1060, 1070, 1079, 1081, 1091, 1092, 1106, 1107, 1118, 1120, 1159, 1163, 1167, 1173, 1175, 1179, 1183, 1184, 1188, 1189, 1193, 1194, 1195, 1196, 1198, 1200, 1202, 1207, 1208, 1209, 1210, 1218, 1219, 1221, 1223, 1235, 1237, 1238, 1243, 1245, 1249, 1252, 1257, 1271, 1272, 1283, 1285, 1294, 1303, 1307, 1312, 1322, 1324, 1329, 1333, 1341, 1342, 1343, 1344, 1345, 1350, 1363, 1372, 1402, 1417, 1420, 1422, 1424, 1428, 1429, 1436, 1438, 1447, 1460, 1467, 1469, 1474, 1488, 1495, 1500, 1502, 1503, 1504, 1507, 1509, 1512, 1514, 1518, 1532, 1535, 1538, 1540, 1548, 1551, 1558, 1560, 1565, 1567, 1574, 1576, 1577, 1584, 1585, 1587, 1593, 1601, 1603, 1604, 1605, 1619, 1633, 1646, 1647, 1656, 1658, 1659, 1660, 1676, 1677, 1680, 1687, 1688, 1691, 1709, 1712, 1716, 1724, 1736, 1755, 1760, 1770, 1775, 1785, 1789, 1791, 1795, 1800, 1801, 1815, 1823, 1824, 1832, 1834, 1839, 1844, 1854, 1870, 1878, 1883, 1898, 1903, 1910, 1920, 1921, 1923, 1931, 1953, 1962, 1963, 1972, 1984, 1985, 1998, 2003, 2013, 2019, 2021, 2023, 2025, 2036, 2038, 2043, 2056, 2072, 2076, 2082, 2093, 2096, 2106, 2108, 2111, 2112, 2125, 2130, 2137, 2165, 2177, 2182, 2197, 2205, 2212, 2214, 2215, 2216, 2221, 2224, 2241, 2244, 2245, 2250, 2258, 2283, 2296, 2302, 2318, 2332, 2343, 2349, 2364, 2376, 2379, 2383, 2385, 2386, 2388, 2392, 2393, 2394, 2396, 2409, 2425, 2427, 2435, 2444, 2446, 2454, 2460, 2466, 2471, 2473, 2478, 2482, 2486, 2488, 2507, 2508, 2509, 2510, 2515, 2538, 2539, 2544, 2550, 2556, 2561, 2572, 2575, 2576, 2581, 2590, 2599, 2600, 2603, 2608, 2613, 2646, 2647, 2649, 2652, 2657, 2662, 2665, 2682, 2685, 2688, 2695, 2704, 2711, 2722, 2732, 2737, 2742, 2747, 2750, 2757, 2760, 2767, 2777, 2778, 2779, 2789, 2791, 2796, 2816, 2845, 2846, 2849, 2866, 2867, 2880, 2888, 2893, 2901, 2903, 2906, 2907, 2917, 2924, 2926, 2928, 2929, 2930, 2936, 2947, 2968, 2975, 2977, 2980, 2981, 2987, 2997, 3000, 3010, 3012, 3021, 3026, 3031, 3034, 3040, 3063, 3071, 3075, 3081, 3082, 3091, 3124, 3127, 3135, 3139, 3141, 3163, 3174, 3177, 3179, 3184, 3187, 3194, 3196, 3203, 3204, 3222, 3232, 3238, 3243, 3247, 3251, 3257, 3259, 3269, 3280, 3285, 3289, 3291, 3295, 3304, 3308, 3310, 3312, 3317, 3332, 3341, 3364, 3368, 3386, 3396, 3402, 3409, 3411, 3418, 3421, 3423, 3429, 3431, 3434, 3442, 3453, 3459, 3464, 3493, 3499, 3500, 3503, 3504, 3535, 3577, 3578, 3582, 3591, 3602, 3603, 3616, 3622, 3626, 3628, 3633, 3636, 3642, 3655, 3679, 3698, 3699, 3704, 3710, 3719, 3728, 3743, 3744, 3748, 3751, 3756, 3757, 3758, 3768, 3771, 3776, 3780, 3790, 3794, 3806, 3808, 3837, 3847, 3849, 3854, 3869, 3871, 3872, 3873, 3892, 3900, 3908, 3915, 3918, 3941, 3944, 3951, 3952, 3971, 3973, 3977, 3979, 3992, 3997, 3998, 4002, 4007, 4028, 4030, 4036, 4038, 4049, 4053, 4055, 4063, 4067, 4071, 4080, 4083, 4102, 4103, 4109, 4123, 4129, 4134, 4141, 4145, 4146, 4148, 4156, 4159, 4160, 4178, 4185, 4191, 4194, 4199, 4202, 4203, 4207, 4209, 4219, 4237, 4242, 4243, 4247, 4259, 4277, 4286, 4287, 4288, 4292, 4298, 4303, 4314, 4327, 4367, 4376, 4378, 4413, 4422, 4429, 4430, 4431, 4436, 4440, 4444, 4445, 4446, 4462, 4464, 4465, 4467, 4472, 4490, 4492, 4495, 4499, 4515, 4518, 4519, 4527, 4528, 4535, 4544, 4547, 4549, 4552, 4563, 4564, 4568, 4570, 4574, 4577, 4579, 4588, 4604, 4624, 4640, 4644, 4648, 4655, 4657, 4663, 4667, 4675, 4688, 4689, 4692, 4698, 4706, 4717, 4723, 4724, 4734, 4742, 4754, 4762, 4771, 4773, 4775, 4793, 4797, 4818, 4822, 4834, 4841, 4842, 4850, 4851, 4854, 4857, 4873, 4875, 4881, 4883, 4887, 4888, 4890, 4893, 4901, 4902, 4912, 4914, 4926, 4934, 4950, 4965, 4969, 4972, 4975, 4977]",DNF
17,(car & dining_table & knife & bottle & handbag) | (traffic_light & book) | bicycle,8,150,"[47, 73, 84, 91, 102, 110, 111, 126, 153, 338, 354, 367, 404, 438, 488, 522, 538, 571, 572, 595, 617, 627, 634, 648, 651, 707, 743, 801, 832, 848, 865, 910, 921, 1003, 1025, 1053, 1100, 1120, 1149, 1152, 1176, 1182, 1207, 1222, 1292, 1300, 1344, 1392, 1407, 1445, 1460, 1512, 1538, 1603, 1607, 1611, 1615, 1672, 1704, 1725, 1771, 1827, 1828, 1830, 1944, 1967, 1972, 1976, 1987, 2041, 2107, 2134, 2181, 2205, 2225, 2244, 2246, 2266, 2300, 2372, 2373, 2391, 2405, 2428, 2494, 2521, 2565, 2572, 2609, 2610, 2648, 2650, 2676, 2756, 2921, 2939, 2960, 3021, 3023, 3025, 3036, 3074, 3082, 3091, 3120, 3206, 3240, 3283, 3288, 3332, 3360, 3362, 3405, 3410, 3482, 3558, 3570, 3577, 3655, 3672, 3693, 3700, 3727, 3757, 3785, 3801, 3852, 3856, 3948, 4003, 4055, 4068, 4086, 4089, 4129, 4223, 4242, 4258, 4266, 4374, 4387, 4581, 4695, 4719, 4790, 4839, 4909, 4916, 4930, 4963]",DNF
18,(handbag & truck & traffic_light & chair) | bottle | toilet | potted_plant | sink,8,689,"[0, 2, 33, 35, 50, 52, 59, 61, 66, 75, 83, 96, 98, 102, 104, 106, 133, 135, 137, 172, 179, 184, 201, 217, 219, 228, 238, 240, 247, 255, 260, 265, 268, 274, 278, 288, 290, 293, 296, 298, 304, 307, 325, 326, 329, 330, 332, 334, 338, 340, 341, 343, 345, 348, 356, 366, 367, 368, 379, 401, 415, 416, 442, 446, 455, 472, 481, 483, 487, 495, 498, 510, 523, 543, 548, 553, 560, 568, 571, 579, 586, 595, 597, 604, 609, 611, 630, 637, 658, 659, 665, 678, 692, 696, 712, 716, 732, 740, 750, 762, 768, 770, 774, 783, 784, 791, 793, 794, 800, 806, 825, 833, 853, 872, 873, 877, 883, 890, 892, 899, 916, 929, 931, 939, 947, 949, 960, 969, 972, 975, 987, 989, 990, 1054, 1057, 1065, 1067, 1070, 1081, 1094, 1110, 1119, 1123, 1131, 1141, 1150, 1157, 1159, 1161, 1167, 1177, 1188, 1193, 1196, 1200, 1204, 1210, 1225, 1230, 1233, 1234, 1237, 1238, 1246, 1248, 1272, 1283, 1285, 1300, 1312, 1317, 1321, 1329, 1330, 1333, 1337, 1342, 1346, 1356, 1363, 1398, 1409, 1410, 1415, 1422, 1429, 1438, 1448, 1458, 1469, 1471, 1474, 1481, 1486, 1491, 1495, 1500, 1502, 1511, 1514, 1515, 1516, 1517, 1525, 1535, 1540, 1542, 1555, 1567, 1568, 1578, 1579, 1587, 1628, 1633, 1637, 1638, 1641, 1658, 1667, 1680, 1685, 1688, 1709, 1712, 1715, 1731, 1733, 1747, 1763, 1789, 1795, 1798, 1799, 1816, 1818, 1835, 1837, 1840, 1845, 1855, 1858, 1867, 1870, 1873, 1874, 1883, 1918, 1920, 1926, 1932, 1937, 1941, 1965, 1972, 1973, 1974, 1979, 1986, 1994, 1995, 1998, 2016, 2023, 2033, 2036, 2038, 2045, 2072, 2075, 2076, 2082, 2084, 2089, 2090, 2101, 2103, 2119, 2125, 2141, 2149, 2153, 2156, 2158, 2168, 2179, 2201, 2207, 2215, 2227, 2228, 2256, 2270, 2273, 2274, 2282, 2286, 2297, 2299, 2305, 2307, 2311, 2312, 2320, 2354, 2376, 2379, 2383, 2393, 2394, 2399, 2404, 2416, 2417, 2418, 2431, 2449, 2455, 2460, 2466, 2470, 2474, 2479, 2483, 2495, 2504, 2506, 2514, 2525, 2527, 2535, 2541, 2542, 2545, 2547, 2549, 2550, 2553, 2557, 2568, 2576, 2580, 2588, 2590, 2600, 2602, 2613, 2619, 2621, 2646, 2649, 2653, 2656, 2666, 2674, 2680, 2691, 2704, 2717, 2720, 2725, 2728, 2738, 2742, 2752, 2758, 2760, 2763, 2777, 2779, 2792, 2803, 2809, 2812, 2831, 2841, 2842, 2845, 2858, 2862, 2866, 2869, 2889, 2906, 2924, 2930, 2933, 2936, 2948, 2957, 2972, 2980, 2988, 3005, 3006, 3015, 3032, 3035, 3038, 3040, 3044, 3055, 3062, 3071, 3075, 3081, 3090, 3095, 3098, 3115, 3120, 3124, 3130, 3138, 3142, 3143, 3158, 3159, 3161, 3164, 3174, 3177, 3182, 3189, 3192, 3198, 3214, 3217, 3219, 3225, 3228, 3245, 3249, 3254, 3258, 3259, 3260, 3261, 3263, 3268, 3304, 3308, 3313, 3321, 3322, 3332, 3335, 3338, 3339, 3341, 3342, 3345, 3347, 3353, 3360, 3373, 3379, 3399, 3400, 3404, 3415, 3423, 3429, 3432, 3434, 3442, 3457, 3474, 3481, 3489, 3504, 3505, 3519, 3522, 3528, 3534, 3566, 3571, 3582, 3583, 3591, 3592, 3597, 3598, 3599, 3610, 3626, 3628, 3639, 3642, 3644, 3653, 3660, 3665, 3671, 3675, 3703, 3717, 3725, 3753, 3764, 3765, 3766, 3771, 3780, 3794, 3802, 3813, 3826, 3829, 3831, 3833, 3838, 3842, 3853, 3854, 3867, 3873, 3876, 3896, 3897, 3899, 3902, 3905, 3912, 3925, 3930, 3933, 3946, 3952, 3955, 3980, 3982, 3993, 3998, 4004, 4011, 4013, 4020, 4024, 4028, 4033, 4035, 4046, 4055, 4067, 4069, 4083, 4087, 4091, 4093, 4095, 4097, 4101, 4103, 4108, 4118, 4131, 4152, 4159, 4167, 4175, 4178, 4194, 4196, 4204, 4207, 4210, 4217, 4218, 4225, 4230, 4233, 4243, 4244, 4248, 4263, 4264, 4282, 4285, 4296, 4297, 4306, 4323, 4334, 4335, 4336, 4358, 4363, 4368, 4383, 4392, 4396, 4400, 4412, 4419, 4420, 4421, 4431, 4442, 4444, 4450, 4451, 4477, 4482, 4483, 4490, 4491, 4497, 4498, 4505, 4514, 4517, 4520, 4528, 4544, 4548, 4549, 4563, 4570, 4577, 4579, 4586, 4594, 4598, 4604, 4622, 4624, 4633, 4646, 4648, 4654, 4657, 4660, 4667, 4670, 4688, 4692, 4694, 4705, 4710, 4714, 4730, 4733, 4745, 4747, 4767, 4769, 4770, 4782, 4783, 4784, 4797, 4802, 4807, 4815, 4834, 4845, 4846, 4847, 4850, 4858, 4860, 4862, 4877, 4881, 4886, 4887, 4894, 4896, 4901, 4906, 4908, 4915, 4916, 4922, 4925, 4926, 4927, 4930, 4950, 4960, 4968, 4969, 4973, 4975, 4986, 4988, 4998]",DNF
19,(bottle & cup & sports_ball & handbag & truck & spoon) | couch | backpack,8,418,"[9, 10, 36, 41, 44, 74, 99, 104, 111, 123, 133, 135, 137, 140, 148, 151, 160, 162, 176, 178, 179, 195, 223, 231, 238, 243, 259, 274, 280, 283, 285, 288, 293, 301, 306, 338, 340, 343, 344, 354, 355, 356, 361, 386, 420, 429, 438, 471, 480, 481, 490, 491, 493, 502, 506, 512, 529, 571, 572, 584, 615, 632, 638, 651, 664, 693, 706, 717, 718, 722, 724, 741, 742, 759, 762, 767, 790, 807, 811, 821, 823, 828, 860, 861, 864, 874, 887, 899, 909, 911, 923, 951, 962, 965, 968, 969, 978, 1025, 1042, 1053, 1054, 1081, 1126, 1170, 1182, 1184, 1217, 1227, 1240, 1269, 1278, 1300, 1301, 1332, 1348, 1352, 1358, 1374, 1394, 1400, 1403, 1430, 1432, 1451, 1461, 1476, 1478, 1479, 1486, 1491, 1519, 1530, 1531, 1538, 1558, 1563, 1576, 1580, 1582, 1583, 1603, 1615, 1626, 1627, 1635, 1636, 1662, 1667, 1672, 1689, 1704, 1711, 1716, 1717, 1761, 1765, 1770, 1772, 1780, 1789, 1857, 1870, 1876, 1883, 1897, 1907, 1911, 1927, 1931, 1953, 1960, 1963, 1967, 1976, 2011, 2026, 2043, 2058, 2062, 2070, 2102, 2111, 2175, 2183, 2196, 2199, 2201, 2244, 2262, 2266, 2347, 2372, 2391, 2394, 2414, 2415, 2422, 2432, 2448, 2462, 2486, 2510, 2515, 2523, 2541, 2547, 2549, 2555, 2607, 2609, 2612, 2620, 2626, 2628, 2629, 2649, 2671, 2673, 2678, 2684, 2706, 2752, 2756, 2760, 2787, 2803, 2811, 2812, 2816, 2817, 2836, 2923, 2930, 2943, 2972, 2984, 2987, 2989, 3003, 3025, 3040, 3052, 3061, 3074, 3076, 3077, 3078, 3092, 3098, 3120, 3124, 3127, 3129, 3131, 3138, 3163, 3166, 3173, 3175, 3177, 3178, 3188, 3209, 3210, 3217, 3223, 3234, 3252, 3260, 3277, 3293, 3305, 3306, 3361, 3375, 3389, 3399, 3408, 3415, 3421, 3440, 3450, 3482, 3493, 3505, 3510, 3553, 3555, 3558, 3565, 3566, 3567, 3573, 3577, 3585, 3586, 3597, 3598, 3625, 3634, 3643, 3646, 3655, 3664, 3693, 3723, 3739, 3751, 3753, 3760, 3761, 3785, 3790, 3794, 3799, 3828, 3829, 3864, 3883, 3903, 3907, 3927, 3929, 3948, 3951, 3952, 3955, 3958, 3989, 4001, 4003, 4006, 4009, 4013, 4028, 4034, 4036, 4045, 4054, 4055, 4059, 4070, 4079, 4083, 4094, 4097, 4116, 4185, 4241, 4249, 4252, 4261, 4262, 4263, 4286, 4290, 4300, 4320, 4348, 4374, 4381, 4405, 4413, 4421, 4424, 4445, 4459, 4527, 4528, 4546, 4568, 4593, 4594, 4596, 4604, 4636, 4651, 4652, 4657, 4662, 4667, 4670, 4681, 4683, 4689, 4694, 4698, 4714, 4719, 4738, 4762, 4771, 4775, 4798, 4808, 4812, 4832, 4849, 4862, 4863, 4876, 4884, 4885, 4887, 4889, 4890, 4901, 4922, 4926, 4930, 4931, 4936, 4963, 4968, 4969, 4978, 4986, 4989]",DNF
20,(dining_table & tennis_racket & bowl & truck & bus & car & traffic_light & cell_phone & backpack & bench) | (tv & train & pizza & bicycle) | book | chair,16,721,"[0, 2, 21, 42, 44, 79, 84, 96, 101, 116, 118, 132, 135, 137, 138, 140, 160, 162, 165, 170, 176, 180, 181, 193, 201, 205, 212, 219, 237, 238, 241, 245, 251, 254, 255, 260, 274, 277, 278, 288, 290, 292, 293, 299, 307, 326, 329, 331, 334, 338, 340, 343, 345, 355, 356, 358, 365, 367, 373, 381, 391, 401, 407, 415, 420, 425, 441, 443, 447, 458, 465, 471, 481, 482, 483, 490, 493, 503, 504, 511, 521, 529, 530, 536, 541, 542, 544, 553, 557, 568, 570, 571, 577, 594, 595, 604, 609, 618, 634, 637, 640, 641, 645, 650, 651, 654, 658, 661, 680, 686, 691, 693, 700, 702, 705, 711, 718, 720, 724, 727, 762, 767, 781, 783, 784, 787, 790, 796, 799, 800, 819, 828, 833, 843, 849, 852, 858, 887, 899, 903, 908, 911, 922, 923, 950, 953, 960, 962, 968, 969, 975, 977, 978, 984, 1019, 1020, 1024, 1034, 1038, 1042, 1045, 1047, 1054, 1061, 1069, 1070, 1081, 1096, 1126, 1131, 1147, 1154, 1159, 1165, 1175, 1181, 1184, 1188, 1200, 1210, 1219, 1225, 1235, 1236, 1237, 1246, 1248, 1269, 1271, 1283, 1294, 1300, 1312, 1314, 1316, 1330, 1332, 1333, 1334, 1345, 1352, 1353, 1354, 1359, 1361, 1363, 1368, 1385, 1404, 1406, 1424, 1429, 1430, 1432, 1442, 1447, 1453, 1465, 1469, 1474, 1479, 1486, 1487, 1495, 1502, 1510, 1520, 1521, 1535, 1538, 1543, 1553, 1555, 1558, 1560, 1563, 1565, 1576, 1583, 1590, 1594, 1600, 1618, 1633, 1636, 1643, 1648, 1653, 1655, 1658, 1660, 1661, 1663, 1667, 1670, 1672, 1680, 1688, 1709, 1711, 1712, 1716, 1717, 1718, 1723, 1747, 1751, 1754, 1760, 1761, 1789, 1801, 1809, 1811, 1824, 1825, 1841, 1852, 1854, 1856, 1857, 1862, 1867, 1870, 1873, 1879, 1883, 1889, 1897, 1920, 1926, 1937, 1953, 1963, 1985, 1998, 2001, 2018, 2021, 2024, 2025, 2026, 2036, 2038, 2043, 2059, 2064, 2072, 2076, 2079, 2082, 2086, 2093, 2094, 2096, 2099, 2104, 2111, 2112, 2131, 2132, 2143, 2149, 2156, 2165, 2178, 2181, 2184, 2206, 2208, 2209, 2224, 2226, 2242, 2245, 2257, 2260, 2269, 2276, 2291, 2292, 2303, 2318, 2330, 2343, 2347, 2359, 2364, 2373, 2376, 2379, 2383, 2385, 2392, 2393, 2394, 2399, 2410, 2421, 2429, 2443, 2460, 2466, 2477, 2478, 2486, 2503, 2508, 2515, 2528, 2546, 2549, 2550, 2555, 2566, 2568, 2576, 2580, 2583, 2590, 2603, 2611, 2616, 2627, 2628, 2649, 2665, 2683, 2695, 2718, 2720, 2739, 2742, 2745, 2754, 2760, 2772, 2779, 2787, 2791, 2792, 2803, 2811, 2812, 2814, 2816, 2819, 2824, 2827, 2836, 2839, 2846, 2849, 2871, 2874, 2877, 2878, 2883, 2901, 2906, 2914, 2920, 2924, 2930, 2934, 2936, 2943, 2946, 2949, 2972, 2977, 2978, 2992, 2995, 3008, 3026, 3036, 3040, 3054, 3071, 3075, 3098, 3122, 3133, 3140, 3141, 3143, 3157, 3166, 3172, 3173, 3174, 3177, 3178, 3186, 3188, 3194, 3209, 3222, 3229, 3243, 3246, 3247, 3254, 3257, 3260, 3292, 3293, 3295, 3298, 3307, 3312, 3320, 3325, 3332, 3344, 3345, 3349, 3352, 3353, 3361, 3364, 3366, 3411, 3415, 3423, 3426, 3431, 3434, 3440, 3453, 3454, 3479, 3480, 3493, 3505, 3519, 3544, 3547, 3551, 3555, 3566, 3579, 3582, 3583, 3585, 3587, 3591, 3596, 3597, 3598, 3603, 3609, 3625, 3626, 3628, 3629, 3633, 3639, 3640, 3642, 3661, 3664, 3667, 3681, 3691, 3692, 3695, 3698, 3704, 3710, 3729, 3731, 3743, 3744, 3747, 3748, 3751, 3756, 3757, 3771, 3786, 3790, 3794, 3796, 3805, 3814, 3815, 3819, 3833, 3837, 3842, 3853, 3867, 3873, 3886, 3888, 3902, 3904, 3907, 3911, 3912, 3921, 3929, 3940, 3949, 3951, 3952, 3966, 3974, 3979, 3984, 3993, 3998, 4016, 4017, 4033, 4036, 4045, 4046, 4054, 4071, 4073, 4080, 4081, 4083, 4087, 4091, 4092, 4094, 4097, 4109, 4132, 4150, 4152, 4159, 4163, 4168, 4177, 4182, 4187, 4190, 4191, 4194, 4195, 4207, 4210, 4218, 4225, 4234, 4243, 4248, 4252, 4257, 4259, 4263, 4279, 4280, 4286, 4299, 4313, 4319, 4325, 4350, 4371, 4372, 4376, 4380, 4392, 4398, 4402, 4405, 4420, 4429, 4436, 4445, 4451, 4463, 4464, 4468, 4471, 4477, 4480, 4482, 4486, 4487, 4501, 4511, 4528, 4544, 4561, 4563, 4564, 4568, 4573, 4579, 4580, 4594, 4596, 4604, 4615, 4617, 4619, 4621, 4624, 4628, 4631, 4633, 4643, 4644, 4645, 4648, 4649, 4651, 4653, 4664, 4667, 4670, 4685, 4688, 4698, 4701, 4718, 4735, 4742, 4753, 4759, 4762, 4768, 4771, 4775, 4776, 4789, 4798, 4801, 4837, 4844, 4850, 4863, 4878, 4885, 4887, 4888, 4891, 4898, 4901, 4902, 4912, 4914, 4916, 4917, 4926, 4930, 4943, 4950, 4969, 4970, 4972, 4975, 4986, 4989]",DNF
21,(motorcycle & book) | (bottle & car & potted_plant & sink & chair & umbrella & bus) | (dining_table & bowl & bed & laptop) | suitcase | cat | truck,16,523,"[3, 16, 18, 46, 58, 63, 69, 73, 97, 99, 102, 113, 114, 119, 129, 136, 142, 149, 151, 187, 188, 219, 222, 226, 249, 253, 258, 308, 311, 313, 317, 320, 355, 361, 371, 409, 413, 416, 422, 436, 447, 451, 458, 464, 473, 490, 491, 506, 507, 511, 541, 556, 595, 607, 618, 634, 649, 654, 656, 661, 662, 686, 689, 692, 693, 694, 706, 707, 717, 718, 722, 725, 730, 756, 764, 766, 806, 831, 839, 842, 847, 854, 864, 865, 868, 874, 903, 908, 915, 921, 927, 938, 948, 951, 953, 962, 965, 966, 968, 970, 980, 982, 989, 994, 999, 1006, 1016, 1020, 1025, 1033, 1039, 1043, 1053, 1056, 1058, 1060, 1076, 1079, 1107, 1109, 1117, 1141, 1147, 1163, 1170, 1184, 1189, 1194, 1195, 1198, 1202, 1207, 1208, 1209, 1221, 1223, 1245, 1249, 1252, 1257, 1263, 1294, 1295, 1301, 1307, 1323, 1324, 1344, 1346, 1350, 1352, 1372, 1396, 1400, 1420, 1426, 1428, 1436, 1440, 1451, 1457, 1460, 1463, 1482, 1487, 1488, 1507, 1510, 1512, 1525, 1528, 1530, 1540, 1549, 1551, 1553, 1563, 1574, 1579, 1583, 1593, 1603, 1604, 1607, 1623, 1626, 1636, 1646, 1647, 1659, 1662, 1672, 1676, 1677, 1684, 1687, 1688, 1724, 1729, 1735, 1736, 1755, 1759, 1767, 1768, 1770, 1785, 1791, 1800, 1815, 1818, 1825, 1829, 1834, 1837, 1839, 1844, 1857, 1878, 1903, 1906, 1907, 1910, 1921, 1923, 1925, 1940, 1974, 1976, 2003, 2024, 2039, 2056, 2099, 2102, 2108, 2118, 2137, 2139, 2141, 2205, 2216, 2217, 2241, 2244, 2245, 2250, 2254, 2260, 2262, 2283, 2291, 2294, 2304, 2325, 2332, 2347, 2349, 2388, 2395, 2399, 2404, 2414, 2425, 2427, 2435, 2449, 2462, 2468, 2473, 2477, 2480, 2482, 2509, 2510, 2517, 2518, 2531, 2535, 2538, 2544, 2555, 2557, 2561, 2572, 2575, 2577, 2599, 2607, 2608, 2635, 2638, 2639, 2647, 2662, 2685, 2699, 2705, 2708, 2709, 2711, 2722, 2732, 2737, 2739, 2749, 2764, 2796, 2831, 2843, 2844, 2846, 2867, 2878, 2880, 2888, 2893, 2903, 2907, 2910, 2917, 2928, 2939, 2952, 2975, 2977, 2987, 3000, 3011, 3021, 3022, 3024, 3040, 3054, 3076, 3082, 3091, 3097, 3101, 3109, 3111, 3117, 3127, 3129, 3130, 3135, 3148, 3163, 3166, 3168, 3172, 3179, 3184, 3204, 3209, 3246, 3249, 3266, 3280, 3291, 3310, 3343, 3350, 3355, 3362, 3366, 3396, 3402, 3418, 3421, 3444, 3449, 3459, 3464, 3465, 3471, 3484, 3499, 3502, 3525, 3539, 3554, 3567, 3577, 3592, 3593, 3595, 3606, 3616, 3636, 3642, 3655, 3658, 3664, 3668, 3679, 3699, 3726, 3728, 3730, 3746, 3752, 3757, 3758, 3763, 3776, 3791, 3805, 3806, 3808, 3814, 3828, 3847, 3854, 3864, 3869, 3886, 3899, 3908, 3909, 3915, 3929, 3933, 3944, 3949, 3971, 3973, 3980, 3997, 4007, 4030, 4037, 4039, 4049, 4061, 4063, 4064, 4102, 4116, 4119, 4120, 4123, 4129, 4132, 4134, 4143, 4145, 4146, 4148, 4156, 4203, 4204, 4237, 4242, 4247, 4248, 4256, 4261, 4282, 4286, 4287, 4288, 4298, 4303, 4320, 4327, 4335, 4413, 4422, 4430, 4440, 4444, 4446, 4465, 4472, 4480, 4486, 4488, 4492, 4495, 4518, 4519, 4524, 4527, 4530, 4539, 4569, 4574, 4600, 4610, 4624, 4640, 4649, 4663, 4670, 4685, 4723, 4740, 4754, 4762, 4773, 4774, 4788, 4812, 4841, 4842, 4850, 4851, 4854, 4864, 4873, 4875, 4883, 4886, 4890, 4893, 4904, 4920, 4934, 4936, 4940, 4965, 4977]",DNF
22,(tv & cup & bench & train & car & clock & book & bus & chair & sports_ball & sink) | (couch & bottle) | dining_table | truck | bowl,16,922,"[0, 3, 13, 16, 21, 23, 25, 28, 32, 37, 40, 42, 55, 58, 63, 64, 69, 73, 75, 79, 85, 96, 97, 100, 101, 103, 104, 113, 120, 125, 129, 131, 132, 133, 135, 137, 138, 145, 148, 149, 175, 176, 179, 181, 184, 188, 200, 201, 217, 219, 238, 241, 251, 252, 253, 274, 276, 278, 282, 288, 290, 296, 307, 308, 311, 313, 315, 317, 326, 331, 334, 340, 345, 358, 368, 371, 388, 394, 401, 403, 413, 415, 416, 420, 425, 439, 446, 449, 464, 471, 473, 482, 483, 491, 504, 506, 507, 529, 532, 533, 537, 544, 551, 553, 560, 579, 584, 585, 595, 604, 607, 609, 612, 630, 634, 637, 641, 649, 651, 654, 659, 662, 686, 691, 694, 696, 702, 705, 707, 716, 718, 723, 725, 727, 728, 730, 750, 754, 756, 762, 766, 781, 783, 784, 786, 787, 789, 800, 814, 819, 828, 831, 834, 839, 842, 845, 846, 847, 852, 854, 859, 868, 874, 888, 891, 894, 899, 916, 925, 927, 928, 938, 939, 941, 950, 959, 960, 964, 966, 975, 976, 983, 993, 1013, 1016, 1019, 1025, 1031, 1033, 1035, 1038, 1039, 1043, 1047, 1053, 1054, 1056, 1060, 1070, 1079, 1081, 1091, 1092, 1106, 1107, 1118, 1120, 1150, 1159, 1161, 1162, 1163, 1164, 1167, 1173, 1175, 1178, 1179, 1183, 1184, 1188, 1189, 1193, 1194, 1195, 1196, 1198, 1200, 1201, 1202, 1204, 1207, 1208, 1209, 1210, 1218, 1219, 1221, 1223, 1235, 1237, 1238, 1243, 1245, 1249, 1252, 1257, 1271, 1272, 1283, 1285, 1294, 1300, 1303, 1307, 1312, 1322, 1324, 1329, 1330, 1333, 1341, 1342, 1343, 1344, 1345, 1350, 1351, 1361, 1363, 1372, 1402, 1403, 1417, 1420, 1422, 1424, 1428, 1429, 1430, 1436, 1438, 1447, 1460, 1467, 1469, 1474, 1488, 1491, 1495, 1500, 1502, 1503, 1504, 1507, 1509, 1512, 1514, 1518, 1532, 1535, 1538, 1540, 1548, 1551, 1558, 1560, 1565, 1567, 1574, 1576, 1577, 1584, 1585, 1587, 1593, 1601, 1603, 1604, 1605, 1609, 1619, 1633, 1646, 1647, 1656, 1658, 1659, 1660, 1676, 1677, 1680, 1683, 1687, 1688, 1691, 1704, 1709, 1712, 1713, 1715, 1716, 1717, 1724, 1736, 1747, 1755, 1760, 1770, 1775, 1785, 1789, 1791, 1793, 1795, 1800, 1801, 1814, 1815, 1823, 1824, 1832, 1834, 1839, 1844, 1854, 1857, 1870, 1873, 1877, 1878, 1883, 1898, 1903, 1904, 1910, 1920, 1921, 1922, 1923, 1931, 1953, 1962, 1963, 1972, 1973, 1984, 1985, 1994, 1995, 1998, 2003, 2013, 2017, 2019, 2021, 2023, 2025, 2036, 2038, 2043, 2056, 2068, 2072, 2076, 2082, 2089, 2093, 2096, 2106, 2108, 2111, 2112, 2125, 2130, 2135, 2137, 2144, 2156, 2158, 2165, 2177, 2182, 2197, 2202, 2205, 2212, 2214, 2215, 2216, 2221, 2224, 2237, 2241, 2244, 2245, 2250, 2258, 2283, 2296, 2302, 2318, 2332, 2343, 2349, 2364, 2376, 2379, 2383, 2385, 2386, 2388, 2392, 2393, 2394, 2396, 2409, 2425, 2427, 2435, 2444, 2446, 2454, 2460, 2466, 2471, 2473, 2474, 2478, 2482, 2486, 2488, 2507, 2508, 2509, 2510, 2515, 2538, 2539, 2544, 2547, 2550, 2553, 2556, 2561, 2571, 2572, 2575, 2576, 2581, 2590, 2599, 2600, 2602, 2603, 2608, 2613, 2642, 2646, 2647, 2649, 2652, 2657, 2662, 2665, 2682, 2685, 2686, 2688, 2695, 2704, 2710, 2711, 2722, 2726, 2732, 2737, 2742, 2747, 2750, 2752, 2757, 2760, 2767, 2777, 2778, 2779, 2780, 2781, 2787, 2789, 2791, 2796, 2803, 2812, 2816, 2846, 2849, 2866, 2867, 2880, 2888, 2893, 2895, 2900, 2901, 2903, 2906, 2907, 2917, 2924, 2926, 2928, 2929, 2930, 2936, 2947, 2968, 2975, 2977, 2980, 2981, 2987, 2997, 3000, 3010, 3012, 3015, 3021, 3026, 3027, 3031, 3034, 3035, 3039, 3040, 3045, 3048, 3063, 3071, 3073, 3075, 3081, 3082, 3091, 3095, 3114, 3124, 3127, 3135, 3139, 3141, 3163, 3174, 3177, 3179, 3184, 3187, 3194, 3196, 3203, 3204, 3207, 3222, 3228, 3232, 3238, 3243, 3247, 3251, 3257, 3259, 3269, 3280, 3285, 3289, 3291, 3295, 3304, 3308, 3310, 3312, 3317, 3332, 3341, 3364, 3368, 3386, 3396, 3402, 3409, 3411, 3415, 3418, 3421, 3423, 3426, 3429, 3431, 3434, 3436, 3442, 3453, 3459, 3464, 3469, 3493, 3499, 3500, 3503, 3504, 3519, 3522, 3525, 3535, 3549, 3577, 3578, 3582, 3591, 3597, 3602, 3603, 3609, 3610, 3616, 3622, 3626, 3628, 3633, 3636, 3642, 3655, 3665, 3667, 3679, 3698, 3699, 3704, 3710, 3719, 3728, 3740, 3743, 3744, 3748, 3751, 3753, 3756, 3757, 3758, 3768, 3771, 3776, 3780, 3790, 3794, 3806, 3808, 3826, 3837, 3847, 3849, 3854, 3860, 3869, 3871, 3872, 3873, 3874, 3892, 3896, 3900, 3908, 3915, 3918, 3925, 3932, 3941, 3944, 3951, 3952, 3962, 3969, 3971, 3973, 3977, 3979, 3992, 3997, 3998, 4002, 4004, 4007, 4024, 4028, 4030, 4032, 4036, 4038, 4044, 4049, 4053, 4055, 4063, 4067, 4069, 4071, 4080, 4083, 4094, 4095, 4097, 4102, 4103, 4109, 4123, 4129, 4131, 4134, 4141, 4145, 4146, 4148, 4152, 4155, 4156, 4159, 4160, 4167, 4178, 4182, 4185, 4191, 4194, 4199, 4202, 4203, 4207, 4209, 4218, 4219, 4225, 4231, 4237, 4242, 4243, 4247, 4259, 4262, 4277, 4285, 4286, 4287, 4288, 4292, 4296, 4298, 4303, 4314, 4327, 4367, 4376, 4378, 4405, 4413, 4421, 4422, 4427, 4429, 4430, 4431, 4436, 4440, 4444, 4445, 4446, 4462, 4464, 4465, 4467, 4472, 4490, 4492, 4495, 4499, 4500, 4505, 4514, 4515, 4518, 4519, 4527, 4528, 4535, 4544, 4547, 4548, 4549, 4552, 4562, 4563, 4564, 4566, 4568, 4570, 4574, 4577, 4579, 4588, 4598, 4604, 4617, 4624, 4640, 4644, 4646, 4648, 4655, 4657, 4663, 4667, 4670, 4675, 4688, 4689, 4692, 4698, 4706, 4717, 4723, 4724, 4734, 4736, 4742, 4745, 4754, 4762, 4771, 4773, 4775, 4793, 4797, 4803, 4818, 4822, 4825, 4834, 4841, 4842, 4850, 4851, 4854, 4857, 4860, 4873, 4875, 4879, 4881, 4883, 4887, 4888, 4890, 4893, 4901, 4902, 4912, 4914, 4915, 4926, 4934, 4950, 4958, 4959, 4965, 4968, 4969, 4972, 4975, 4977, 4981, 4988]",DNF
23,(cat & sink & dining_table & clock & cell_phone & knife & laptop & book & bench & car & bicycle & bottle) | chair | couch | traffic_light | dog,16,1015,"[0, 2, 21, 22, 41, 42, 44, 73, 79, 84, 89, 96, 101, 104, 111, 116, 118, 132, 133, 135, 137, 138, 140, 146, 148, 151, 160, 162, 165, 166, 170, 176, 177, 179, 180, 181, 193, 195, 201, 205, 208, 211, 219, 231, 237, 238, 241, 245, 251, 253, 254, 259, 260, 270, 272, 274, 277, 278, 279, 288, 290, 292, 293, 299, 307, 308, 326, 331, 334, 338, 340, 343, 345, 355, 356, 358, 361, 365, 367, 373, 381, 391, 415, 420, 425, 433, 441, 443, 447, 458, 465, 470, 473, 481, 482, 483, 486, 493, 501, 503, 504, 509, 512, 521, 529, 530, 533, 536, 538, 540, 542, 543, 544, 553, 568, 571, 574, 577, 584, 590, 594, 595, 597, 604, 607, 609, 618, 622, 626, 634, 637, 640, 641, 645, 649, 650, 651, 654, 658, 661, 663, 665, 674, 680, 683, 686, 691, 693, 697, 700, 702, 705, 711, 718, 720, 724, 727, 742, 751, 756, 760, 762, 767, 771, 772, 781, 783, 787, 790, 796, 797, 799, 800, 808, 821, 828, 843, 848, 852, 858, 864, 887, 899, 903, 908, 910, 911, 922, 923, 924, 933, 950, 951, 960, 962, 968, 969, 972, 975, 977, 978, 984, 985, 1003, 1019, 1024, 1025, 1034, 1038, 1042, 1047, 1051, 1053, 1054, 1060, 1061, 1069, 1070, 1081, 1096, 1097, 1111, 1126, 1129, 1131, 1138, 1142, 1154, 1159, 1165, 1174, 1175, 1176, 1182, 1184, 1186, 1188, 1189, 1200, 1209, 1210, 1217, 1219, 1223, 1227, 1233, 1235, 1236, 1237, 1246, 1262, 1266, 1269, 1271, 1283, 1286, 1294, 1300, 1312, 1325, 1326, 1330, 1332, 1333, 1334, 1340, 1344, 1352, 1353, 1354, 1359, 1361, 1363, 1368, 1374, 1385, 1392, 1404, 1406, 1414, 1424, 1428, 1429, 1430, 1431, 1432, 1447, 1453, 1457, 1458, 1460, 1461, 1464, 1465, 1466, 1469, 1471, 1474, 1476, 1477, 1478, 1479, 1486, 1491, 1495, 1502, 1510, 1512, 1516, 1519, 1530, 1535, 1538, 1546, 1553, 1555, 1558, 1560, 1563, 1565, 1576, 1580, 1582, 1583, 1588, 1593, 1594, 1599, 1600, 1606, 1612, 1618, 1633, 1636, 1643, 1648, 1653, 1655, 1658, 1660, 1661, 1662, 1663, 1666, 1667, 1670, 1672, 1676, 1680, 1688, 1694, 1700, 1701, 1709, 1711, 1712, 1716, 1717, 1718, 1723, 1738, 1750, 1758, 1760, 1761, 1765, 1782, 1789, 1793, 1801, 1802, 1809, 1811, 1817, 1824, 1825, 1847, 1854, 1855, 1856, 1857, 1859, 1862, 1870, 1873, 1876, 1878, 1882, 1883, 1889, 1897, 1907, 1919, 1920, 1921, 1927, 1931, 1937, 1947, 1953, 1954, 1957, 1960, 1963, 1967, 1985, 1989, 1998, 2001, 2008, 2018, 2021, 2024, 2025, 2026, 2036, 2038, 2043, 2056, 2059, 2061, 2064, 2065, 2070, 2072, 2076, 2077, 2079, 2082, 2086, 2093, 2094, 2096, 2102, 2104, 2108, 2111, 2112, 2126, 2131, 2133, 2143, 2145, 2149, 2155, 2156, 2165, 2183, 2186, 2195, 2196, 2201, 2205, 2209, 2210, 2216, 2224, 2226, 2242, 2245, 2251, 2257, 2259, 2260, 2262, 2276, 2281, 2291, 2303, 2307, 2318, 2322, 2328, 2330, 2331, 2343, 2347, 2358, 2359, 2363, 2364, 2370, 2373, 2376, 2378, 2379, 2383, 2385, 2392, 2393, 2394, 2405, 2410, 2414, 2420, 2421, 2429, 2434, 2435, 2440, 2448, 2453, 2460, 2461, 2466, 2473, 2486, 2487, 2492, 2494, 2502, 2503, 2508, 2515, 2522, 2528, 2532, 2538, 2547, 2549, 2550, 2555, 2562, 2565, 2566, 2568, 2576, 2583, 2588, 2590, 2603, 2607, 2610, 2611, 2616, 2620, 2627, 2628, 2645, 2649, 2654, 2655, 2658, 2676, 2679, 2683, 2693, 2695, 2700, 2718, 2720, 2734, 2737, 2749, 2751, 2752, 2754, 2756, 2760, 2761, 2772, 2779, 2787, 2791, 2796, 2798, 2802, 2803, 2811, 2812, 2814, 2816, 2819, 2823, 2827, 2836, 2839, 2845, 2846, 2848, 2849, 2859, 2871, 2874, 2877, 2878, 2882, 2899, 2901, 2906, 2914, 2919, 2920, 2923, 2924, 2928, 2930, 2934, 2936, 2946, 2972, 2977, 2978, 2989, 2992, 2995, 3003, 3023, 3026, 3036, 3037, 3040, 3054, 3058, 3061, 3067, 3070, 3071, 3075, 3078, 3088, 3098, 3120, 3122, 3128, 3140, 3141, 3143, 3152, 3156, 3157, 3163, 3166, 3170, 3172, 3173, 3174, 3175, 3177, 3178, 3186, 3188, 3194, 3199, 3222, 3223, 3229, 3232, 3234, 3243, 3246, 3247, 3257, 3260, 3273, 3280, 3292, 3293, 3295, 3300, 3307, 3312, 3320, 3325, 3332, 3342, 3345, 3349, 3352, 3361, 3364, 3375, 3390, 3396, 3408, 3411, 3415, 3416, 3418, 3423, 3431, 3434, 3440, 3450, 3455, 3465, 3479, 3489, 3493, 3505, 3513, 3519, 3544, 3547, 3548, 3551, 3555, 3560, 3565, 3567, 3570, 3579, 3582, 3583, 3585, 3587, 3590, 3591, 3596, 3597, 3598, 3603, 3609, 3616, 3625, 3626, 3628, 3629, 3633, 3636, 3642, 3643, 3647, 3651, 3655, 3661, 3664, 3667, 3681, 3683, 3692, 3695, 3698, 3699, 3704, 3710, 3713, 3714, 3723, 3727, 3729, 3736, 3743, 3744, 3747, 3748, 3751, 3753, 3756, 3757, 3760, 3767, 3771, 3786, 3790, 3793, 3794, 3796, 3800, 3805, 3810, 3815, 3819, 3829, 3837, 3842, 3844, 3853, 3861, 3867, 3873, 3888, 3898, 3902, 3903, 3904, 3907, 3908, 3912, 3913, 3929, 3940, 3950, 3951, 3952, 3955, 3966, 3971, 3973, 3974, 3979, 3984, 3993, 3996, 3998, 4003, 4006, 4013, 4016, 4017, 4019, 4028, 4033, 4036, 4045, 4046, 4047, 4054, 4055, 4059, 4071, 4073, 4078, 4079, 4080, 4081, 4083, 4085, 4087, 4091, 4092, 4094, 4097, 4102, 4109, 4117, 4148, 4150, 4151, 4159, 4163, 4164, 4168, 4177, 4181, 4182, 4185, 4187, 4190, 4191, 4194, 4195, 4207, 4210, 4215, 4218, 4225, 4228, 4234, 4238, 4242, 4243, 4247, 4248, 4249, 4250, 4251, 4252, 4257, 4258, 4259, 4263, 4279, 4280, 4285, 4286, 4290, 4294, 4295, 4299, 4300, 4303, 4312, 4313, 4319, 4325, 4330, 4332, 4347, 4350, 4361, 4364, 4371, 4372, 4376, 4392, 4399, 4402, 4405, 4411, 4421, 4422, 4424, 4426, 4429, 4436, 4437, 4445, 4451, 4460, 4463, 4464, 4468, 4471, 4477, 4480, 4481, 4484, 4486, 4487, 4501, 4510, 4511, 4518, 4528, 4537, 4544, 4546, 4568, 4573, 4575, 4579, 4581, 4591, 4592, 4593, 4594, 4596, 4604, 4605, 4609, 4617, 4619, 4624, 4628, 4631, 4633, 4636, 4640, 4644, 4648, 4649, 4651, 4653, 4657, 4663, 4665, 4667, 4670, 4676, 4679, 4685, 4688, 4689, 4694, 4697, 4698, 4703, 4718, 4725, 4742, 4751, 4752, 4759, 4762, 4764, 4768, 4771, 4775, 4776, 4789, 4792, 4798, 4801, 4808, 4811, 4812, 4830, 4837, 4841, 4844, 4849, 4850, 4851, 4861, 4863, 4885, 4887, 4888, 4890, 4891, 4898, 4901, 4902, 4912, 4914, 4916, 4918, 4924, 4926, 4930, 4936, 4945, 4946, 4947, 4950, 4963, 4968, 4969, 4970, 4972, 4975, 4979, 4986, 4989]",DNF
